"","X2.5..9_1","X50..9_1","X97.5..9_1","X2.5..9_10","X50..9_10","X97.5..9_10","X2.5..9_11","X50..9_11","X97.5..9_11","X2.5..9_12","X50..9_12","X97.5..9_12","X2.5..9_13","X50..9_13","X97.5..9_13","X2.5..9_14","X50..9_14","X97.5..9_14","X2.5..9_15","X50..9_15","X97.5..9_15","X2.5..9_18","X50..9_18","X97.5..9_18","X2.5..9_19","X50..9_19","X97.5..9_19","X2.5..9_2","X50..9_2","X97.5..9_2","X2.5..9_21","X50..9_21","X97.5..9_21","X2.5..9_22","X50..9_22","X97.5..9_22","X2.5..9_23","X50..9_23","X97.5..9_23","X2.5..9_24","X50..9_24","X97.5..9_24","X2.5..9_3","X50..9_3","X97.5..9_3","X2.5..9_4","X50..9_4","X97.5..9_4","X2.5..9_5","X50..9_5","X97.5..9_5","X2.5..9_6","X50..9_6","X97.5..9_6","X2.5..9_7","X50..9_7","X97.5..9_7","X2.5..9_8","X50..9_8","X97.5..9_8","X2.5..9_9","X50..9_9","X97.5..9_9"
"1",0.710601045296167,0.968386023294509,1.30493273542601,0.820388349514563,1.10819672131148,1.48245614035088,0.866962305986696,1.15680473372781,1.52734375,0.94170403587444,1.34615384615385,1.90909090909091,0.785582255083179,1.01674641148325,1.31578947368421,0.875638841567291,1.18433179723502,1.59133126934985,0.871186440677966,1.15765765765766,1.55757575757576,0.727941176470588,1.14121037463977,1.74449339207048,0.63855421686747,1.02912621359223,1.63076923076923,0.668965517241379,1.01041666666667,1.56451612903226,1.05982905982906,1.56962025316456,2.38461538461538,0.672566371681416,0.974358974358974,1.46153846153846,0.551922043010753,0.846153846153846,1.21259842519685,0.539170506912442,0.906976744186046,1.3,0.580110497237569,1.00478468899522,1.6030534351145,0.76,1.07042253521127,1.58333333333333,0.733153638814016,0.97841726618705,1.31400966183575,0.876984126984127,1.16931216931217,1.56737588652482,0.658119658119658,0.939024390243902,1.32758620689655,0.79047619047619,1.07443365695793,1.45614035087719,0.836461322663121,1.07735321528425,1.37537180249851
"2",0.705237515225335,0.961794019933555,1.29530201342282,0.786924939467312,1.0586319218241,1.40692640692641,0.867117117117117,1.15269461077844,1.52777777777778,0.911894273127753,1.30188679245283,1.84821428571429,0.768089053803339,0.992805755395683,1.28571428571429,0.883959044368601,1.19354838709677,1.59384615384615,0.87747665167762,1.16742081447964,1.56363636363636,0.707664884135472,1.11516853932584,1.6965811965812,0.608433734939759,0.980582524271845,1.55384615384615,0.661870503597122,0.989247311827957,1.48387096774194,1.0948275862069,1.60759493670886,2.44230769230769,0.669642857142857,0.961538461538462,1.44230769230769,0.525951557093426,0.808510638297872,1.15151515151515,0.529953917050691,0.912698412698413,1.30681818181818,0.596638655462185,1.02403846153846,1.63846153846154,0.77,1.08450704225352,1.60416666666667,0.731133788809133,0.974910394265233,1.2952380952381,0.831683168316832,1.11111111111111,1.48936170212766,0.630057803468208,0.889795918367347,1.25287356321839,0.764568764568765,1.0379746835443,1.40772532188841,0.834868019764752,1.07270233196159,1.36397332481026
"3",0.684019370460048,0.930807248764415,1.25555555555556,0.781021897810219,1.05245901639344,1.39565217391304,0.860045146726862,1.14071856287425,1.50592885375494,0.897777777777778,1.28662420382166,1.83636363636364,0.764450324313014,0.990314769975787,1.278125,0.866779089376054,1.16289592760181,1.56231003039514,0.858108108108108,1.1390134529148,1.53939393939394,0.690816508844024,1.08991825613079,1.67364016736402,0.612121212121212,0.980582524271845,1.55384615384615,0.659259259259259,0.978021978021978,1.48333333333333,1.1025641025641,1.63291139240506,2.48076923076923,0.741071428571429,1.06410256410256,1.59615384615385,0.539249146757679,0.831578947368421,1.18796992481203,0.495412844036697,0.870967741935484,1.25581395348837,0.57623060396276,1,1.59375,0.772277227722772,1.09859154929577,1.625,0.705093833780161,0.939285714285714,1.25238095238095,0.804305283757339,1.07591623036649,1.44718309859155,0.602898550724638,0.848979591836735,1.20231213872832,0.747663551401869,1.01587301587302,1.38528138528139,0.810858765081618,1.03863636363636,1.32310364794441
"4",0.682346571738256,0.929276315789474,1.25277161862528,0.752997601918465,1.01618122977346,1.35344827586207,0.841870824053452,1.11834319526627,1.48818897637795,0.919642857142857,1.30379746835443,1.85585585585586,0.749529190207156,0.970731707317073,1.25157232704403,0.836424957841484,1.12727272727273,1.50759878419453,0.846344408070396,1.12217194570136,1.51219512195122,0.674147616534635,1.06868131868132,1.64848043635052,0.610778443113772,0.990291262135922,1.56923076923077,0.641791044776119,0.945054945054945,1.43333333333333,1.13675213675214,1.68354430379747,2.55769230769231,0.738738738738739,1.06493506493506,1.57692307692308,0.540540540540541,0.837696335078534,1.19402985074627,0.465217391304348,0.798507462686567,1.16304347826087,0.566197183098592,0.992598644100863,1.58267716535433,0.782178217821782,1.11267605633803,1.64583333333333,0.706989247311828,0.939285714285714,1.24644549763033,0.833013435700576,1.11568123393316,1.50694444444444,0.604046242774566,0.85655737704918,1.21511627906977,0.766355140186916,1.04458598726115,1.41991341991342,0.795177911431681,1.02075645756458,1.30485415101297
"5",0.658130859149808,0.891268533772652,1.20489977728285,0.702127659574468,0.939873417721519,1.24267782426778,0.810267857142857,1.07715133531157,1.42913385826772,0.914798206278027,1.29936305732484,1.85454545454545,0.720450281425891,0.936585365853659,1.21135646687697,0.8125,1.10022271714922,1.47462686567164,0.854237288135593,1.13513513513514,1.51807228915663,0.623586429725363,0.992287917737789,1.544,0.623456790123457,1.01,1.6031746031746,0.641791044776119,0.945054945054945,1.43333333333333,1.06779661016949,1.59493670886076,2.42307692307692,0.830357142857143,1.20779220779221,1.78846153846154,0.527868852459016,0.817258883248731,1.15827338129496,0.478448275862069,0.828358208955224,1.19354838709677,0.570224719101124,1,1.61111111111111,0.762376237623762,1.08450704225352,1.60416666666667,0.698924731182796,0.928571428571429,1.23222748815166,0.839147286821705,1.12467532467532,1.51398601398601,0.60458452722063,0.857723577235772,1.21264367816092,0.762352941176471,1.03514376996805,1.40869565217391,0.794530406621087,1.02506963788301,1.30885165394992
"6",0.649362698086496,0.875207986688852,1.18202247191011,0.745635910224439,0.996666666666667,1.31718061674009,0.777272727272727,1.03323262839879,1.368,0.902222222222222,1.27672955974843,1.8125,0.743785850860421,0.965260545905707,1.25483870967742,0.836902800658979,1.12888888888889,1.50741839762611,0.867980464244521,1.14678899082569,1.54320987654321,0.560650887573965,0.906698564593301,1.41431151825144,0.6125,1,1.58064516129032,0.666666666666667,0.989010989010989,1.47540983606557,1.05084745762712,1.56962025316456,2.38461538461538,0.842105263157895,1.21518987341772,1.81132075471698,0.519736842105263,0.806122448979592,1.14492753623188,0.459227467811159,0.792592592592593,1.13829787234043,0.540616246498599,0.953092230405306,1.53174603174603,0.69,0.985714285714286,1.46808510638298,0.69047619047619,0.925531914893617,1.24285714285714,0.827324478178368,1.12082262210797,1.5191637630662,0.559659090909091,0.797570850202429,1.12571428571429,0.786729857819905,1.06752411575563,1.4625550660793,0.796028880866426,1.02653631284916,1.30705394190871
"7",0.619105199516324,0.843492586490939,1.14285714285714,0.782828282828283,1.0472972972973,1.39013452914798,0.774193548387097,1.03067484662577,1.37142857142857,0.910313901345291,1.28481012658228,1.82882882882883,0.738461538461539,0.96,1.23870967741935,0.807098765432099,1.09643605870021,1.48158640226629,0.813559322033898,1.08597285067873,1.46341463414634,0.473652334065311,0.790540540540541,1.24028268551237,0.610062893081761,0.97979797979798,1.56451612903226,0.64963503649635,0.967391304347826,1.45901639344262,1,1.48101265822785,2.29411764705882,0.852173913043478,1.24050632911392,1.84905660377358,0.54485049833887,0.849740932642487,1.21481481481481,0.441666666666667,0.768115942028985,1.10416666666667,0.545197740112994,0.941463414634146,1.51968503937008,0.696969696969697,0.985714285714286,1.4375,0.778666666666667,1.03914590747331,1.39047619047619,0.853432282003711,1.15,1.55932203389831,0.61849710982659,0.877049180327869,1.22988505747126,0.796208530805687,1.08038585209003,1.47368421052632,0.803242446573324,1.02636534839925,1.29302037023348
"8",0.588522588522589,0.803333333333333,1.08558558558559,0.823056300268097,1.09252669039146,1.44811320754717,0.730552001747434,0.975609756097561,1.30081300813008,0.926161057793937,1.30519480519481,1.8785046728972,0.760536398467433,0.985111662531017,1.2724358974359,0.837173579109063,1.13070539419087,1.51810584958217,0.756603820598007,1.00888888888889,1.35119047619048,0.368728121353559,0.632,1.01282051282051,0.581081081081081,0.924731182795699,1.45762711864407,0.666666666666667,0.989247311827957,1.50819672131148,0.957264957264957,1.41772151898734,2.15384615384615,0.859649122807018,1.24050632911392,1.84905660377358,0.557093425605536,0.865591397849462,1.22900763358779,0.401709401709402,0.691176470588235,0.989473684210526,0.525849832662007,0.910377358490566,1.46212121212121,0.663265306122449,0.942028985507246,1.41304347826087,0.783422459893048,1.04642857142857,1.40208237486198,0.861623616236162,1.15880893300248,1.5777027027027,0.603448275862069,0.860655737704918,1.21387283236994,0.777251184834123,1.05466237942122,1.44493392070485,0.819832577642765,1.04303675048356,1.3049001814882
"9",0.580152671755725,0.784853700516351,1.05311778290993,0.864788732394366,1.13703703703704,1.50490196078431,0.690205011389522,0.923780487804878,1.21686746987952,0.792270531400966,1.10810810810811,1.57692307692308,0.660751985725797,0.853164556962025,1.09771986970684,0.801195814648729,1.08722109533469,1.46849315068493,0.67109634551495,0.905829596412556,1.23170731707317,0.311936936936937,0.545275590551181,0.87943509250834,0.557142857142857,0.876404494382023,1.41818181818182,0.766423357664234,1.12903225806452,1.72131147540984,0.853448275862069,1.26923076923077,1.94117647058824,0.864864864864865,1.24675324675325,1.84615384615385,0.579136690647482,0.889502762430939,1.26771653543307,0.36036036036036,0.622577519379845,0.898876404494382,0.519893899204244,0.890909090909091,1.45185185185185,0.666666666666667,0.927536231884058,1.39130434782609,0.781333333333333,1.05017921146953,1.40191387559809,0.872727272727273,1.18226600985222,1.61073825503356,0.524079320113314,0.745967741935484,1.0632183908046,0.755555555555556,1.02,1.39090909090909,0.792908410558101,0.993733681462141,1.22379421221865
"10",0.540645161290323,0.728695652173913,0.978971962616822,0.81769436997319,1.07773851590106,1.42523364485981,0.68,0.903125,1.19421487603306,0.78894472361809,1.1056338028169,1.57,0.616803278688525,0.792105263157895,1.01346801346801,0.8,1.08582834331337,1.45844504021448,0.673333333333333,0.90990990990991,1.24691358024691,0.262540021344717,0.466793168880455,0.76875,0.496503496503497,0.788888888888889,1.24561403508772,0.661870503597122,0.978723404255319,1.50819672131148,0.745614035087719,1.08974358974359,1.66666666666667,0.833333333333333,1.20253164556962,1.75925925925926,0.543795620437956,0.846590909090909,1.20161290322581,0.351351351351351,0.609375,0.88661833855799,0.498702691471679,0.871681415929204,1.44852941176471,0.639175257731959,0.898550724637681,1.37777777777778,0.74798254112215,1.01063829787234,1.36363636363636,0.819148936170213,1.12408759124088,1.56094308291342,0.541310541310541,0.772357723577236,1.08571428571429,0.682266009852217,0.923333333333333,1.2648401826484,0.777923910952476,0.970947123765253,1.18426647767541
"11",0.515151515151515,0.698630136986301,0.937985062768154,0.795814353072804,1.04761904761905,1.39366515837104,0.641686182669789,0.850931677018634,1.12757201646091,0.834896144278607,1.16783216783217,1.63725490196078,0.625250501002004,0.8,1.02978821060914,0.785285285285285,1.0587044534413,1.43287671232877,0.683006535947712,0.941441441441441,1.30645538522012,0.242984352580758,0.434137291280148,0.726764671736227,0.532894736842105,0.852631578947368,1.3728813559322,0.635714285714286,0.936842105263158,1.45901639344262,0.728070175438597,1.06410256410256,1.62745098039216,0.826086956521739,1.1875,1.75925925925926,0.530465949820789,0.836158192090395,1.21311475409836,0.354220551729661,0.6171875,0.918604651162791,0.521919470654561,0.918454935622318,1.55072463768116,0.597938144329897,0.840579710144927,1.31818181818182,0.755208333333333,1.02473498233216,1.38095238095238,0.783524234708217,1.11190476190476,1.5777027027027,0.612994350282486,0.875,1.24,0.643705463182898,0.874193548387097,1.2152466367713,0.790123456790123,0.99165673420739,1.2226304188097
"12",0.514429109159348,0.691399662731872,0.933940774487471,0.784461152882206,1.03986710963455,1.38495575221239,0.630232558139535,0.842925833478454,1.11522633744856,0.85929648241206,1.20422535211268,1.69306930693069,0.572265625,0.736180904522613,0.951298701298701,0.79728777455468,1.07645875251509,1.44594594594595,0.668852459016393,0.927272727272727,1.28301886792453,0.234139382746964,0.417883211678832,0.696048632218845,0.56687898089172,0.927083333333333,1.48333333333333,0.587412587412587,0.875,1.35483870967742,0.736842105263158,1.09090909090909,1.64705882352941,0.805084745762712,1.15853658536585,1.69642857142857,0.547101449275362,0.862857142857143,1.24793388429752,0.378378378378378,0.666666666666667,0.988235294117647,0.532710280373832,0.942148760330578,1.61702127659574,0.56701030927835,0.797101449275362,1.25,0.735703766183342,1,1.36538461538462,0.736585365853659,1.05104408352668,1.51517726874817,0.620498614958449,0.888888888888889,1.26553672316384,0.631287360982391,0.853420195439739,1.18552036199095,0.782833020637899,0.991681521093286,1.23173431734317
"13",0.506799684382936,0.682804674457429,0.921171171171171,0.79,1.04290429042904,1.3920704845815,0.636792452830189,0.851735015772871,1.12970711297071,0.844894900497513,1.18181818181818,1.67326732673267,0.561137860314593,0.72069825436409,0.935275080906149,0.808734939759036,1.09146341463415,1.47133392292639,0.685245901639344,0.945701357466063,1.31446540880503,0.225609756097561,0.405109489051095,0.68944099378882,0.578616352201258,0.938775510204082,1.50819672131148,0.573426573426573,0.854166666666667,1.34426229508197,0.734513274336283,1.07792207792208,1.62745098039216,0.854700854700855,1.21951219512195,1.81818181818182,0.548872180451128,0.863905325443787,1.24786324786325,0.394618834080717,0.692913385826772,1.02325581395349,0.552660924949112,0.97119341563786,1.66197183098592,0.536082474226804,0.753623188405797,1.18181818181818,0.734536082474227,1.00352112676056,1.36380026223776,0.732348111658456,1.05437352245863,1.5221843003413,0.653694464425093,0.936507936507937,1.33333333333333,0.588235294117647,0.803858520900322,1.12612612612613,0.770804835670218,0.975147928994083,1.20821114369501
"14",0.498768472906404,0.673317173481628,0.910163604615851,0.822055137844611,1.08970099667774,1.45132743362832,0.641509433962264,0.858044164037855,1.14285714285714,0.861538461538462,1.21739130434783,1.7319587628866,0.556840077071291,0.715346534653465,0.926282051282051,0.798789712556732,1.07755102040816,1.45454545454545,0.669934640522876,0.923423423423423,1.28930817610063,0.221993833504625,0.39344262295082,0.668730650154799,0.579617834394904,0.947916666666667,1.51666666666667,0.597222222222222,0.895833333333333,1.38709677419355,0.743362831858407,1.09090909090909,1.64705882352941,0.888888888888889,1.26829268292683,1.89090909090909,0.581974632174125,0.919753086419753,1.34234234234234,0.401869158878505,0.699186991869919,1.04878048780488,0.544360798858462,0.954918032786885,1.64084507042254,0.515463917525773,0.72463768115942,1.16279069767442,0.751295336787565,1.02112676056338,1.39423076923077,0.725908452051373,1.04705882352941,1.52920962199313,0.653694464425093,0.932806324110672,1.32584269662921,0.596199524940618,0.814935064935065,1.14090909090909,0.78584147376441,0.995157384987893,1.23423423423423
"15",0.500601109741061,0.674418604651163,0.914466017936672,0.81858837639077,1.0797342192691,1.43805309734513,0.627962085308057,0.83728487002356,1.11344537815126,0.848958333333333,1.18978102189781,1.69791666666667,0.547528517110266,0.705882352941177,0.914285714285714,0.809924255846917,1.09591836734694,1.47527472527473,0.656862745098039,0.901345291479821,1.25625,0.217391304347826,0.386029411764706,0.660377358490566,0.572327044025157,0.938144329896907,1.51666666666667,0.583333333333333,0.865979381443299,1.35483870967742,0.732142857142857,1.06493506493506,1.6078431372549,0.848739495798319,1.21686746987952,1.80357142857143,0.590551181102362,0.93167701863354,1.35135135135135,0.412037037037037,0.717741935483871,1.07228915662651,0.528868360277136,0.93469387755102,1.6013986013986,0.494845360824742,0.705882352941177,1.11627906976744,0.770025839793282,1.04929577464789,1.42583732057416,0.714724853102949,1.03562945368171,1.53521126760563,0.681440443213296,0.972332015810277,1.38202247191011,0.596663013318535,0.810897435897436,1.1447963800905,0.780834914611006,0.987698858787666,1.22109091199478
"16",0.49017199017199,0.663893510815308,0.902714932126697,0.825588235294118,1.09152542372881,1.4375,0.606132075471698,0.810725552050473,1.07983193277311,0.835106382978723,1.17164179104478,1.67021276595745,0.544090056285178,0.702179176755448,0.909090909090909,0.809309309309309,1.09775967413442,1.47671232876712,0.667741935483871,0.911894273127753,1.26993865030675,0.228203955224522,0.404411764705882,0.691823899371069,0.577639751552795,0.948979591836735,1.52459016393443,0.595890410958904,0.896907216494845,1.38150921658985,0.669642857142857,0.974025974025974,1.47132352941175,0.882352941176471,1.25,1.84210526315789,0.621513944223108,0.981132075471698,1.43119266055046,0.412322274881517,0.725,1.10126582278481,0.512672544992071,0.906122448979592,1.55244755244755,0.474226804123711,0.676470588235294,1.06976744186047,0.777777777777778,1.05985915492958,1.44019138755981,0.677577741407529,0.985714285714286,1.47330960854093,0.686813186813187,0.9765625,1.38888888888889,0.5807962529274,0.792332268370607,1.11711711711712,0.770438799076212,0.974868497954413,1.2008855602791
"17",0.484662576687117,0.653973509933775,0.887640449438202,0.80719794344473,1.06802721088435,1.41441441441441,0.627647602000227,0.840255591054313,1.11914893617021,0.855614973262032,1.19402985074627,1.70212765957447,0.578947368421053,0.747572815533981,0.96551724137931,0.824159021406728,1.10905349794239,1.48905338914311,0.666666666666667,0.91703056768559,1.27272727272727,0.218420854021209,0.387867647058824,0.659375,0.570552147239264,0.93,1.5,0.602739726027397,0.897959183673469,1.41935483870968,0.675675675675676,0.986842105263158,1.5,0.801652892561983,1.1547619047619,1.70175438596491,0.641129032258065,1.00632911392405,1.45871559633028,0.461538461538462,0.80672268907563,1.21518987341772,0.475862068965517,0.838056680161943,1.4375,0.484536082474227,0.691176470588235,1.11904761904762,0.805194805194805,1.09154929577465,1.48325358851675,0.624373057887805,0.919621749408983,1.39928057553957,0.705234159779614,1.00392156862745,1.42222222222222,0.58041958041958,0.787974683544304,1.11160714285714,0.756719817767654,0.954049396898334,1.17801418439716
"18",0.481869525882415,0.653027823240589,0.886666666666667,0.756410256410256,1.01027397260274,1.34090909090909,0.62093023255814,0.834375,1.10788381742739,0.846560846560847,1.19402985074627,1.68421052631579,0.588208310847275,0.756501182033097,0.978593272171254,0.811746987951807,1.09775967413442,1.48076923076923,0.640625,0.883620689655172,1.22754491017964,0.210359408033827,0.376893939393939,0.646156510427682,0.56969696969697,0.930693069306931,1.51612903225806,0.557823129251701,0.836734693877551,1.32258064516129,0.684684684684685,1,1.52,0.739837398373984,1.05813953488372,1.56896551724138,0.689516129032258,1.07547169811321,1.52678571428571,0.485849056603774,0.851239669421488,1.27160493827161,0.453308203991131,0.796875,1.35099337748344,0.474226804123711,0.666666666666667,1.04545454545455,0.794805194805195,1.07746478873239,1.45714285714286,0.597199216743708,0.891705069124424,1.37234042553191,0.728021978021978,1.03921568627451,1.47222222222222,0.568075117370892,0.768253968253968,1.07079646017699,0.753940450563189,0.947428323169156,1.16982456140351
"19",0.471936848281394,0.640728476821192,0.873589164785553,0.598540145985402,0.801302931596091,1.06493506493506,0.633257403189066,0.847560975609756,1.13008130081301,0.925531914893617,1.29850746268657,1.8125,0.579524680073126,0.747641509433962,0.966463414634146,0.828393135725429,1.11320754716981,1.49157303370787,0.6375,0.871794871794872,1.20710059171598,0.193611877359984,0.342105263157895,0.590909090909091,0.579268292682927,0.940594059405941,1.50793650793651,0.506666666666667,0.767676767676768,1.2258064516129,0.781818181818182,1.14666666666667,1.75510204081633,0.748031496062992,1.09195402298851,1.63793103448276,0.685258964143426,1.05521472392638,1.50877192982456,0.509259259259259,0.894308943089431,1.32530120481928,0.439461883408072,0.762645914396887,1.28947368421053,0.463917525773196,0.652173913043478,1.04651162790698,0.689119170984456,0.933333333333333,1.260663507109,0.552552552552553,0.844036697247706,1.32851985559567,0.702412868632708,1.00769230769231,1.43956043956044,0.560975609756098,0.76158940397351,1.05504587155963,0.75645900836103,0.950140056022409,1.17046238785369
"20",0.486404758642736,0.657762938230384,0.889440824080977,0.63265306122449,0.850609756097561,1.13877551020408,0.69329490022173,0.934131736526946,1.24302788844622,0.994897959183674,1.39285714285714,1.95,0.571687840290381,0.73943661971831,0.957446808510638,0.773809523809524,1.05050505050505,1.42086233999551,0.637770897832817,0.872881355932203,1.2046783625731,0.184028934619903,0.337931034482759,0.599388379204893,0.603550295857988,0.990291262135922,1.61904761904762,0.503267973856209,0.77,1.24193548387097,0.720720720720721,1.06666666666667,1.6,0.765151515151515,1.12222222222222,1.71186440677966,0.711462450592885,1.09756097560976,1.56521739130435,0.591862187700192,1.01538461538462,1.46666666666667,0.414230883444692,0.709923664122137,1.17721518987342,0.581632653061224,0.826086956521739,1.29545454545455,0.755784061696658,1.02797202797203,1.4,0.537881300367933,0.827354260089686,1.31785714285714,0.746031746031746,1.06818181818182,1.52432432432432,0.589005235602094,0.800711743772242,1.09223300970874,0.732562938505984,0.935687928307855,1.16776315789474
"21",0.517923362175525,0.697171381031614,0.941573033707865,0.741794310722101,1.00892857142857,1.35059760956175,0.71840354767184,0.964285714285714,1.2755905511811,1.22966507177034,1.74829931972789,2.47115384615385,0.699499165275459,0.922907488986784,1.19714285714286,0.770083102493075,1.06309751434034,1.44041450777202,0.757396449704142,1.04918032786885,1.47126436781609,0.190353143841516,0.351910828025478,0.63323782234957,0.574630541871921,0.934579439252336,1.53846153846154,0.421052631578947,0.64,1.03225806451613,0.718181818181818,1.03947368421053,1.58,0.727272727272727,1.07216494845361,1.65079365079365,0.681978798586572,1.07222222222222,1.56910569105691,0.797540231507623,1.37671232876712,1.95145631067961,0.524625267665953,0.910780669144981,1.52173913043478,0.642857142857143,0.926470588235294,1.5,0.818877551020408,1.1184668989547,1.51415094339623,0.553412462908012,0.841986455981941,1.34172661870504,0.98961038961039,1.42696629213483,2.03743315508021,0.715492957746479,0.969465648854962,1.30927835051546,0.7674527067868,0.985728848114169,1.23499361430396
"22",0.54228855721393,0.729096989966555,0.979775280898876,0.774193548387097,1.04956268221574,1.41732283464567,0.665970772442589,0.901129943502825,1.20833333333333,1.26126126126126,1.81818181818182,2.59259259259259,0.64879339375031,0.856548856548857,1.1195652173913,0.802872062663185,1.12226277372263,1.54522613065327,0.748571428571429,1.02745098039216,1.43975927387529,0.209236942911215,0.380348652931854,0.683760683760684,0.579545454545455,0.953271028037383,1.54545454545455,0.38562091503268,0.59,0.951612903225806,0.711711711711712,1.03947368421053,1.58,0.76510067114094,1.15151515151515,1.75384615384615,0.64873417721519,1.03535353535354,1.50735294117647,0.689419795221843,1.23926380368098,1.78761061946903,0.606334841628959,1.03474903474903,1.70700636942675,0.673469387755102,0.970588235294118,1.53488372093023,0.874358974358974,1.19230769230769,1.60849056603774,0.572031614958871,0.873333333333333,1.3886925795053,1.03061224489796,1.49077490774908,2.12631578947368,0.858461538461538,1.15528445526559,1.55887813068859,0.753956143426612,0.969617600838135,1.21778320007969
"23",0.526559767431214,0.71,0.953020134228188,0.745379876796715,1.00833333333333,1.35955056179775,0.636146601197249,0.864640883977901,1.15508849255159,1.26126126126126,1.79487179487179,2.56880733944954,0.620578778135048,0.817796610169492,1.07520891364903,0.835,1.17605633802817,1.62926829268293,0.686813186813187,0.946969696969697,1.32275132275132,0.209851111354729,0.381761978361669,0.680440771349862,0.539325842696629,0.888888888888889,1.45454545454545,0.372488540870894,0.57,0.904761904761905,0.651785714285714,0.960526315789474,1.43208823529411,0.699386503067485,1.06542056074766,1.65217391304348,0.612903225806452,1,1.4822695035461,0.616564417177914,1.1551724137931,1.675,0.598126918101809,1.02316602316602,1.67721518987342,0.65962549968441,0.941176470588235,1.48837209302326,0.888311688311688,1.20422535211268,1.62857142857143,0.574285714285714,0.875816993464052,1.4006968641115,0.979848866498741,1.42490842490842,2.04736842105263,1.02047781569966,1.35294117647059,1.81212121212121,0.711408550347033,0.917537108301264,1.15583719906781
"24",0.524752475247525,0.706666666666667,0.948545861297539,0.759145018496197,1.02762430939227,1.38805970149254,0.594861660079051,0.804812834224599,1.08664259927798,1.31363636363636,1.87662337662338,2.67592592592593,0.628664495114006,0.826552462526767,1.08732394366197,0.817640047675805,1.1510067114094,1.5953488372093,0.685333333333333,0.948339483394834,1.31794871794872,0.207384399354217,0.371428571428571,0.660427807486631,0.522222222222222,0.862385321100917,1.40298507462687,0.369426751592357,0.574257425742574,0.921006144393236,0.63716814159292,0.935064935064935,1.44,0.698224852071006,1.06306306306306,1.66197183098592,0.588529507529508,0.949308755760369,1.40136054421769,0.573863636363636,1.09189189189189,1.6031746031746,0.514734774066798,0.919298245614035,1.55952380952381,0.673469387755102,0.970588235294118,1.53488372093023,0.90979381443299,1.23426573426573,1.67298578199052,0.615275813295615,0.939524838012959,1.51581193197047,1.00502512562814,1.45985401459854,2.10526315789474,1.0893470790378,1.46082949308756,1.94478527607362,0.697931854080944,0.899943470887507,1.14203730272597
"25",0.536159600997506,0.722689075630252,0.966292134831461,0.766734279918864,1.03846153846154,1.4,0.586614173228346,0.794666666666667,1.06428571428571,1.43243243243243,2.03846153846154,2.91743119266055,0.642172523961661,0.846315789473684,1.11357340720222,0.823301894457009,1.1537216828479,1.6131221719457,0.683377308707124,0.945255474452555,1.32142857142857,0.198055822557832,0.354558610709117,0.636363636363636,0.505555555555556,0.834862385321101,1.37878787878788,0.348101265822785,0.533980582524272,0.873015873015873,0.6875,1.01315789473684,1.54,0.645714285714286,0.991228070175439,1.52702702702703,0.580381471389646,0.930131004366812,1.36538461538462,0.588888888888889,1.12169312169312,1.65625,0.511764705882353,0.91578947368421,1.55357142857143,0.714285714285714,1.02195225916454,1.59090909090909,0.906329113924051,1.23875432525952,1.69668246445498,0.653685674547983,0.993657505285412,1.58783783783784,1.04545454545455,1.51094890510949,2.17894736842105,1.1602787456446,1.5781990521327,2.10759493670886,0.702559576345984,0.910234419668382,1.16459400146306
"26",0.544982990012485,0.736486486486487,0.984198645598194,0.768145161290323,1.04098360655738,1.40590405904059,0.581395348837209,0.785340314136126,1.06007067137809,1.4206008583691,2.04320987654321,2.92920353982301,0.659810126582278,0.86875,1.14568329397875,0.824601366742597,1.15747476038339,1.60888888888889,0.680628272251309,0.945454545454545,1.31979695431472,0.198566353997252,0.356125356125356,0.634517766497462,0.508196721311475,0.837837837837838,1.40909090909091,0.333333333333333,0.514563106796116,0.841269841269841,0.654867256637168,0.973684210526316,1.48,0.616666666666667,0.948717948717949,1.48,0.549738219895288,0.882352941176471,1.28834355828221,0.610810810810811,1.16494845360825,1.72519083969466,0.522304790396628,0.930795847750865,1.57309941520468,0.704081632653061,1,1.53333333333333,0.889944513715711,1.22758620689655,1.67924528301887,0.664812365275328,1.01255230125523,1.60810741971207,1.06716417910448,1.56284671532847,2.25819340016708,1.17931034482759,1.5981308411215,2.15094339622642,0.70103986135182,0.913092550790068,1.17331399564902
"27",0.55125,0.744932432432432,0.997737556561086,0.772138577432336,1.04076086956522,1.40808823529412,0.5717017208413,0.774611398963731,1.03819444444444,1.46171020167346,2.09090909090909,3,0.69811320754717,0.919254658385093,1.20980926430518,0.838600451467269,1.18312101910828,1.65478841870824,0.68586387434555,0.949275362318841,1.32994923857868,0.195820433436533,0.351877607788595,0.629353233830846,0.516304347826087,0.855855855855856,1.41791044776119,0.327044025157233,0.504854368932039,0.825396825396825,0.63716814159292,0.947368421052632,1.41176470588235,0.579156272273699,0.890756302521008,1.39473684210526,0.554651481331169,0.8875,1.29878048780488,0.576981930944004,1.15121951219512,1.72262773722628,0.529069767441861,0.938144329896907,1.57803468208092,0.696969696969697,1,1.56818181818182,0.88833746898263,1.23024054982818,1.68867924528302,0.686886437792595,1.04948453608247,1.66339869281046,1.10669975186104,1.61594202898551,2.34736842105263,1.16376306620209,1.58293838862559,2.12738853503185,0.696682464454976,0.908426966292135,1.1649855907781
"28",0.551681195516812,0.745791245791246,1.00453514739229,0.763527054108216,1.04098360655738,1.40073529411765,0.572519083969466,0.77319587628866,1.03806228373702,1.54166666666667,2.21556886227545,3.18965517241379,0.7265625,0.958762886597938,1.26016260162602,0.836420539892542,1.1832298136646,1.66739606126915,0.664019379058442,0.92057761732852,1.28140703517588,0.185776268388924,0.333333333333333,0.592682926829268,0.521505376344086,0.873873873873874,1.44776119402985,0.30188679245283,0.466019417475728,0.761904761904762,0.654867256637168,0.961038961038961,1.48,0.547872340425532,0.844262295081967,1.32051282051282,0.542635658914729,0.871369294605809,1.27272727272727,0.547461368653422,1.09251101321586,1.64238410596026,0.530769230769231,0.9419795221843,1.56818181818182,0.737373737373737,1.05797101449275,1.62222222222222,0.893300248138958,1.23287671232877,1.69014084507042,0.696189894491049,1.06147540983607,1.67110293350036,1.16242752493766,1.6970802919708,2.47340425531915,1.15331010452962,1.58373205741627,2.13548387096774,0.70012706480305,0.907742998352554,1.16163035839775
"29",0.56625,0.765202702702703,1.02488687782805,0.772635814889336,1.05205479452055,1.41176470588235,0.564485981308411,0.760705289672544,1.02372881355932,1.559670781893,2.22941176470588,3.21186440677966,0.727692307692308,0.961382113821138,1.26470588235294,0.832264957264957,1.1838905775076,1.67887931034483,0.660574412532637,0.913357400722022,1.27777777777778,0.186976025016577,0.337662495421348,0.595216663756475,0.559782608695652,0.927927927927928,1.56060606060606,0.275,0.427184466019417,0.6875,0.692982456140351,1.02597402597403,1.54901960784314,0.536842105263158,0.82258064516129,1.30769230769231,0.540816326530612,0.86530612244898,1.26946107784431,0.538931937393061,1.07327586206897,1.62745098039216,0.545279383429672,0.965870307167236,1.6264367816092,0.787878787878788,1.11428571428571,1.69565217391304,0.862068965517241,1.1986301369863,1.65094339622642,0.732952870493992,1.10909090909091,1.7373417721519,1.21742409600998,1.77737226277372,2.59042553191489,1.21521798274718,1.65671641791045,2.23489932885906,0.686082418875263,0.886062533121357,1.12822417285618
"30",0.548611348341475,0.741989881956155,1,0.765407554671968,1.04054054054054,1.3898916967509,0.580978588191315,0.787878787878788,1.06122448979592,1.6198347107438,2.31952662721893,3.35042735042735,0.712977099236641,0.949186991869919,1.25537634408602,0.815320041972718,1.16842105263158,1.66381156316916,0.671957671957672,0.927007299270073,1.29591836734694,0.180879030341012,0.326693227091633,0.584323040380047,0.584699453551913,0.963963963963964,1.62121212121212,0.267080745341615,0.41747572815534,0.682539682539683,0.690265486725664,1.01298701298701,1.52941176470588,0.553846153846154,0.850393700787402,1.36708860759494,0.5,0.809716599190283,1.19760479041916,0.537605565554479,1.06837606837607,1.62337662337662,0.551456310679612,0.986111111111111,1.66081871345029,0.83,1.18571428571429,1.80434782608696,0.868811881188119,1.20205479452055,1.65566037735849,0.760601915184679,1.13934426229508,1.76507936507937,1.28680203045685,1.87084870848708,2.7258064516129,1.20216606498195,1.64039408866995,2.20529801324503,0.672865338114922,0.86493374108053,1.09768917176386
"31",0.513414634146341,0.695867768595041,0.941834451901566,0.784477882792778,1.06534090909091,1.42585551330798,0.528673835125448,0.719512195121951,0.97682119205298,1.57142857142857,2.26470588235294,3.26271186440678,0.7217125382263,0.957403651115619,1.26881720430108,0.798066595059076,1.14483821263482,1.62227074235808,0.634423445659269,0.875678518556996,1.22727272727273,0.190725504861631,0.343203230148048,0.610047846889952,0.620879120879121,1.02727272727273,1.73846153846154,0.345911949685535,0.533980582524272,0.873015873015873,0.586206896551724,0.871794871794872,1.33333333333333,0.495049504950495,0.769230769230769,1.21951219512195,0.457420924574209,0.728682170542636,1.06818181818182,0.537117903930131,1.0695652173913,1.62941059602649,0.556640625,0.996503496503496,1.68639053254438,0.782178217821782,1.12857142857143,1.68085106382979,0.854014598540146,1.19795221843003,1.64788732394366,0.703039210131173,1.06666666666667,1.68152866242038,1.2979797979798,1.88970588235294,2.73404255319149,1.1505376344086,1.55825242718447,2.08441558441558,0.680058061419397,0.87012987012987,1.0969400399622
"32",0.426872770511296,0.579032258064516,0.785557986870897,0.630522088353414,0.85792349726776,1.15441176470588,0.454524830885992,0.617283950617284,0.830564784053156,1.49173553719008,2.16167664670659,3.16666666666667,0.715873015873016,0.949473684210526,1.26330532212885,0.760259179265659,1.09828393135725,1.55752212389381,0.564432989690722,0.782142857142857,1.095,0.173224939132805,0.308555399719495,0.537930269907474,0.627027027027027,1.03571428571429,1.70588235294118,0.352564102564103,0.544554455445545,0.887096774193548,0.594827586206897,0.884615384615385,1.35294117647059,0.40952380952381,0.641791044776119,1.03614457831325,0.376989876621322,0.594202898550725,0.863157894736842,0.50551876379691,1.02232142857143,1.56849315068493,0.565040650406504,1.01831501831502,1.72670807453416,0.598039215686274,0.859154929577465,1.24489795918367,0.684085510688836,0.96969696969697,1.35211267605634,0.609640702816235,0.932135728542914,1.47318611987382,1.28678304239401,1.8695652173913,2.71578947368421,1,1.36405529953917,1.83850931677019,0.687103479934844,0.871476888387824,1.08720112517581
"33",0.338337182448037,0.465079365079365,0.634199134199134,0.489278752436647,0.6657824933687,0.893238434163701,0.33277027027027,0.460280373831776,0.625396825396825,1.32735426008969,1.90967741935484,2.74074074074074,0.61070110701107,0.786223277909739,1.03769912856608,0.724256292906179,1.02926829268293,1.44520547945205,0.407008086253369,0.561338289962825,0.782383419689119,0.156479217603912,0.279475982532751,0.491048593350384,0.554347826086957,0.902654867256637,1.5,0.34640522875817,0.524752475247525,0.841269841269841,0.647058823529412,0.974683544303797,1.48076923076923,0.400875681731704,0.630434782608696,1.03571428571429,0.23679060665362,0.391585760517799,0.578947368421053,0.380510440835267,0.777251184834123,1.18840579710145,0.408097903340441,0.731800766283525,1.21656050955414,0.509615384615385,0.736111111111111,1.08163265306122,0.577367205542725,0.836120401337793,1.17370892018779,0.535175879396985,0.822393822393822,1.32710280373832,1.07518796992481,1.55434782608696,2.24607329842932,0.732862527161895,1,1.35632183908046,0.643290683407957,0.79439847231063,0.976525821596244
"34",0.391061452513966,0.539291217257319,0.74468085106383,0.468045112781955,0.640102827763496,0.864583333333333,0.310992403925273,0.435267857142857,0.598159509202454,1.29468599033816,1.84827586206897,2.65346534653465,0.618367346938775,0.7911227154047,1.05574912891986,0.696491403992113,0.988448844884488,1.38657407407407,0.365168539325843,0.5,0.691489361702128,0.160844841592201,0.28695652173913,0.505102040816326,0.541899441340782,0.889908256880734,1.49230769230769,0.450331125827815,0.68,1.09677419354839,0.702335388158786,1.0625,1.63461538461538,0.36697247706422,0.575539568345324,0.930232558139535,0.204753199268739,0.341463414634146,0.509090909090909,0.386164628895036,0.786458333333333,1.18897637795276,0.337579617834395,0.597744360902256,0.99375,0.634615384615385,0.904109589041096,1.32,0.583110374818803,0.849090229037865,1.2018779342723,0.557196625567813,0.854961832061069,1.39130434782609,0.987623762376238,1.44565217391304,2.1,0.614035087719298,0.84,1.14754098360656,0.680711049228924,0.84170375079466,1.03761755485893
"35",0.472911963882619,0.655712050078247,0.90301724137931,0.5626204238921,0.772486772486772,1.0354609929078,0.314641744548287,0.438177874186551,0.608433734939759,1.33009708737864,1.90277777777778,2.74,0.689583333333333,0.882666666666667,1.1779359430605,0.707671394799054,0.996666666666667,1.39719626168224,0.398860398860399,0.544747081712062,0.756756756756757,0.181818181818182,0.322678843226788,0.566844919786096,0.534090909090909,0.854545454545454,1.42424242424242,0.560810810810811,0.838383838383838,1.31746031746032,0.880952380952381,1.3875,2.13461538461538,0.415525114155251,0.654676258992806,1.04628107457899,0.192974006820905,0.326409495548961,0.495495495495495,0.44578313253012,0.880952380952381,1.33333333333333,0.33695652173913,0.596153846153846,0.993589743589744,0.733333333333333,1.05479452054795,1.54,0.604460497808233,0.887788778877888,1.25700934579439,0.577777777777778,0.888045540796964,1.44444444444444,0.992512987409852,1.44765342960289,2.11052631578947,0.576271186440678,0.781609195402299,1.0625,0.70990055565608,0.894451145958987,1.11924528301887
"36",0.502217294900222,0.703416149068323,0.967948717948718,0.608778625954199,0.837270341207349,1.12323943661972,0.346259870480042,0.485838779956427,0.667664670658683,1.41062801932367,2.02777777777778,2.86274509803922,0.804828973843058,1.03359173126615,1.3986013986014,0.780976220275344,1.08710801393728,1.51089588377724,0.416184971098266,0.569169960474308,0.795580110497238,0.192884606275903,0.344444444444444,0.613037763480097,0.630057803468208,1,1.65151515151515,0.591836734693878,0.887755102040816,1.38095238095238,1.03937007874016,1.62962962962963,2.53846153846154,0.45,0.712230215827338,1.15116279069767,0.216528925619835,0.366946778711485,0.557446808510638,0.470394736842105,0.905063291139241,1.375,0.440289180806422,0.741071428571429,1.19424460431655,0.858490566037736,1.22972972972973,1.82,0.641255605381166,0.940789473684211,1.34272300469484,0.586812320344938,0.899239543726236,1.46450998019345,1.01694915254237,1.50537634408602,2.1875,0.583798882681564,0.788679245283019,1.06632653061224,0.733640992541595,0.938359933957072,1.18076837891589
"37",0.515250544662309,0.724349157733537,0.995789473684211,0.605284432321316,0.828571428571429,1.11149825783972,0.359000059262771,0.503239740820734,0.693452380952381,1.42156862745098,2.02797202797203,2.9,0.902195608782435,1.16195372750643,1.57491289198606,0.815006468305304,1.12903225806452,1.55555555555556,0.408045977011494,0.556862745098039,0.775956284153005,0.211214953271028,0.381434870789846,0.678678678678679,0.672514619883041,1.06481481481481,1.74242424242424,0.616438356164384,0.918367346938776,1.42857142857143,1.07692307692308,1.70731707317073,2.69230769230769,0.497737556561086,0.79136690647482,1.27906976744186,0.221690590111643,0.376693766937669,0.576763485477178,0.459731543624161,0.883870967741936,1.31730769230769,0.454787234042553,0.77027027027027,1.23913043478261,0.904761904761905,1.28378378378378,1.86274509803922,0.665909090909091,0.966996699669967,1.37558685446009,0.569325770946599,0.869888475836431,1.41828958275767,1.05980861244019,1.56537102473498,2.29533678756477,0.581920903954802,0.786259541984733,1.05641025641026,0.761514152216299,0.984153005464481,1.24292615596963
"38",0.514469453376206,0.726172465960666,1.00418410041841,0.607142857142857,0.830334190231362,1.11388945233266,0.347560975609756,0.488222698072805,0.672566371681416,1.53092783505155,2.16788321167883,3.12631578947368,0.969879518072289,1.24484536082474,1.68881118881119,0.816993464052288,1.13019891500904,1.55086848635236,0.421622474747475,0.578125,0.800108695652172,0.219079384819977,0.394045534150613,0.703125,0.686046511627907,1.08256880733945,1.76119402985075,0.635135135135135,0.959183673469388,1.49206349206349,1.05343511450382,1.68292682926829,2.65384615384615,0.520547945205479,0.826086956521739,1.32558139534884,0.246445497630332,0.420485175202156,0.641975308641975,0.461794019933555,0.896774193548387,1.33653846153846,0.470430107526882,0.799086757990868,1.28676470588235,0.914285714285714,1.2972972972973,1.88235294117647,0.679545454545455,0.990066225165563,1.4037558685446,0.566467065868263,0.867889908256881,1.41194029850746,1.09715639810427,1.63028169014085,2.38659793814433,0.581661891117478,0.780769230769231,1.05729166666667,0.76155007242777,0.989432703003337,1.25105485232068
"39",0.507970244420829,0.719879518072289,0.997912317327766,0.599627560521415,0.819338422391858,1.09897610921502,0.350453172205438,0.493617021276596,0.676434282986377,1.53157894736842,2.18796992481203,3.16304347826087,0.967935871743487,1.24484536082474,1.68895933014354,0.806878306878307,1.11313868613139,1.52129208229426,0.414565826330532,0.567049808429119,0.783068783068783,0.223458038422649,0.402550091074681,0.717532467532468,0.688235294117647,1.08333333333333,1.74626865671642,0.63265306122449,0.948979591836735,1.5,1.06716417910448,1.74390243902439,2.75,0.545871559633027,0.86231884057971,1.4,0.2449202594272,0.419786096256685,0.640881983941117,0.515267175572519,0.9375,1.37790605933094,0.472941101478837,0.795454545454545,1.27737226277372,0.923809523809524,1.31081081081081,1.90196078431373,0.657559177517161,0.957095709570957,1.35514018691589,0.552896781910462,0.850091407678245,1.37573964497041,1.09219858156028,1.61538461538462,2.35714285714286,0.575931232091691,0.770114942528736,1.04145077720207,0.792244807383677,1.03092783505155,1.30246020260492
"40",0.521972132904609,0.736206013958527,1.02310924369748,0.616104868913858,0.843589743589744,1.13448275862069,0.334315169366716,0.470954356846473,0.650429799426934,1.45901639344262,2.06976744186047,2.96666666666667,0.967676767676768,1.24739583333333,1.69858156028369,0.814713896457766,1.12617702448211,1.54521963824289,0.402777777777778,0.549242424242424,0.767195767195767,0.222668957617411,0.402985074626866,0.71523178807947,0.654761904761905,1.03288661611709,1.66666666666667,0.682758620689655,1.02061855670103,1.59677419354839,1.02962962962963,1.67469879518072,2.62264150943396,0.579908675799087,0.927007299270073,1.49411764705882,0.239972434915773,0.411609498680739,0.629032258064516,0.626656238109331,1.088,1.5632183908046,0.472410025971884,0.79646017699115,1.28571428571429,0.885714285714286,1.25675675675676,1.82352941176471,0.626966292134831,0.917763157894737,1.30985915492958,0.556321722834074,0.858695652173913,1.40652818991098,1.07505442491012,1.6013986013986,2.36082474226804,0.567335243553009,0.758620689655172,1.02061855670103,0.803457688808007,1.04497041420118,1.32086761406133
"41",0.523043944265809,0.741641337386018,1.03176711936073,0.65406427221172,0.896373056994819,1.20138888888889,0.328445747800586,0.462809917355372,0.64,1.40659340659341,2.01574803149606,2.87640449438202,0.979338842975207,1.25729442970822,1.71739130434783,0.793296089385475,1.09441233140655,1.49868073878628,0.375,0.513011152416357,0.711340206185567,0.229189189189189,0.414872798434442,0.738675958188153,0.611764705882353,0.962962962962963,1.52941176470588,0.682432432432432,1.03061224489796,1.62903225806452,0.963768115942029,1.60240963855422,2.55769230769231,0.596330275229358,0.948905109489051,1.52941176470588,0.237151178156598,0.407792207792208,0.630522088353414,0.624314468387402,1.07563025210084,1.5609756097561,0.494708994708995,0.831111111111111,1.32647796352583,0.876190476190476,1.24324324324324,1.80392156862745,0.621889231783317,0.917491749174917,1.29906542056075,0.529396516671185,0.820375990288781,1.34604105571847,1.04186046511628,1.55017301038062,2.28571428571429,0.561797752808989,0.749063670411985,1.01010101010101,0.816570881226054,1.06629143214509,1.3531746031746
"42",0.522994652406417,0.743161094224924,1.02947368421053,0.635547576301616,0.87192118226601,1.17218543046358,0.30358621723311,0.427991886409736,0.592696629213483,1.35754189944134,1.944,2.76136363636364,1.002079002079,1.29222520107239,1.77205882352941,0.777592899415397,1.06601941747573,1.45238095238095,0.383202099737533,0.527075812274368,0.737373737373737,0.244178956324447,0.447761194029851,0.792452830188679,0.588235294117647,0.925925925925926,1.47058823529412,0.732752073432113,1.10309278350515,1.7258064516129,0.978571428571429,1.65060240963855,2.58490566037736,0.610328638497653,0.962962962962963,1.54761904761905,0.223665223665224,0.388471177944862,0.60077519379845,0.592233009708738,1.02521008403361,1.4703276520717,0.496124031007752,0.831168831168831,1.33333333333333,0.857142857142857,1.23287671232877,1.76470588235294,0.614349775784753,0.901315789473684,1.28638497652582,0.493214089392555,0.770723104056437,1.27777777777778,1.00913753559,1.49829351535836,2.21717171717172,0.577142857142857,0.773946360153257,1.04663212435233,0.817398486743372,1.08427339084273,1.39300937766411
"43",0.556741725526823,0.787461773700306,1.08879492600423,0.608239369391485,0.834467120181406,1.13230769230769,0.293696275071633,0.414141414141414,0.574229691876751,1.37059506622309,1.96774193548387,2.83720930232558,1.0167714884696,1.31081081081081,1.79646323833127,0.779302435660691,1.06896551724138,1.44935064935065,0.384020618556701,0.530249110320285,0.745,0.245121951219512,0.444690265486726,0.773076923076923,0.531428571428571,0.845454545454545,1.34782608695652,0.664383561643836,0.989795918367347,1.53968253968254,1.03597122302158,1.71428571428571,2.76923076923077,0.657142857142857,1.03759398496241,1.68292682926829,0.251067047477318,0.4375,0.675675675675676,0.597156398104265,1.0327868852459,1.51807228915663,0.479616306954436,0.813008130081301,1.32450331125828,0.884615384615385,1.24324324324324,1.80392156862745,0.582781456953642,0.865573770491803,1.23378965381071,0.494469026548673,0.772020725388601,1.28818443804035,1.02558139534884,1.51202749140893,2.21133445002791,0.603399433427762,0.806818181818182,1.08673469387755,0.812913065582105,1.06742323097463,1.36085106382979
"44",0.588105726872247,0.828549761664019,1.14598435553094,0.656223060344828,0.904761904761905,1.2239263803681,0.294277929155313,0.416988416988417,0.588555858310627,1.33522727272727,1.94214876033058,2.79761904761905,0.981327800829875,1.26133333333333,1.73260073260073,0.805594405594406,1.10982658959538,1.5,0.382051282051282,0.528368794326241,0.741293532338308,0.339130434782609,0.58354114713217,0.983193277310924,0.517441860465116,0.81651376146789,1.30882352941176,0.61744966442953,0.92,1.46031746031746,1.0354609929078,1.73809523809524,2.80769230769231,0.661835748792271,1.03787878787879,1.67073170731707,0.263292532647364,0.467312348668281,0.733840304182509,0.555555555555556,0.967741935483871,1.44578313253012,0.465065502183406,0.80377358490566,1.33145931603773,0.980769230769231,1.3972602739726,2,0.595604395604396,0.888524590163934,1.26635514018692,0.49889080951446,0.782682512733446,1.29503501345149,1.02142857142857,1.5,2.2,0.651428571428571,0.870229007633588,1.16923076923077,0.792685284363198,1.0328418230563,1.31151728949944
"45",0.57354549706965,0.800595238095238,1.11157024793388,0.726612223676426,0.997624703087886,1.33768645326713,0.327247191011236,0.462301587301587,0.641873278236915,1.31428571428571,1.91666666666667,2.73809523809524,0.931313131313131,1.20052083333333,1.64642857142857,0.852857142857143,1.17058823529412,1.58776595744681,0.364508393285372,0.51006711409396,0.723809523809524,0.393548387096774,0.6524064171123,1.05627705627706,0.575581395348837,0.908256880733945,1.45588235294118,0.646666666666667,0.97979797979798,1.53968253968254,1.03521126760563,1.75,2.82692307692308,0.691176470588235,1.08461538461538,1.74074074074074,0.243527494170647,0.454128440366972,0.75,0.502222222222222,0.869230769230769,1.29885057471264,0.443066961856231,0.789855072463768,1.32121212121212,1.01869158878505,1.47297297297297,2.13725490196078,0.600886917960089,0.891447368421053,1.26635514018692,0.491701244813278,0.779605263157895,1.31301939058172,0.999941314553991,1.4808362369338,2.16836734693878,0.703389830508475,0.943181818181818,1.26395939086294,0.75726243229936,0.982120051085568,1.24635332252836
"46",0.525806451612903,0.726597325408618,1.00204918032787,0.747779751332149,1.03186274509804,1.38943894389439,0.340163501543561,0.469635627530364,0.649859943977591,1.28651685393258,1.86178861788618,2.63294907778668,0.939879759519038,1.21188630490956,1.65724381625442,0.849702380952381,1.16056910569106,1.54742547425474,0.361751152073733,0.508090614886731,0.730232558139535,0.421750805585392,0.686980609418283,1.09251101321586,0.565714285714286,0.9,1.43478260869565,0.579617834394904,0.892156862745098,1.421875,1.01438848920863,1.67857142857143,2.7128676470588,0.716417910447761,1.10769230769231,1.77777777777778,0.214611872146119,0.405172413793103,0.696296296296296,0.49350950075199,0.858208955223881,1.25,0.432270916334661,0.779176658673062,1.31515151515152,0.935185185185185,1.36486486486486,1.98039215686275,0.572706935123042,0.847682119205298,1.2018779342723,0.447534958725106,0.720930232558139,1.2533692722372,0.988290398126464,1.4551724137931,2.13131313131313,0.701949860724234,0.938550740720191,1.26,0.674418604651163,0.882060831781502,1.12869598035638
"47",0.486776262845116,0.679432624113475,0.944773175542406,0.6994217585693,0.962406015037594,1.30169491525424,0.315942028985507,0.44040404040404,0.608938547486033,1.21311475409836,1.776,2.55172413793103,0.863636363636364,1.11479591836735,1.52797202797203,0.825240874120946,1.11603375527426,1.49435028248588,0.331065759637188,0.469453376205788,0.672811059907834,0.3984,0.653543307086614,1.0375,0.611764705882353,0.97196261682243,1.52941176470588,0.51875,0.805825242718447,1.296875,0.905109489051095,1.49397590361446,2.38461538461538,0.7,1.08527131782946,1.72839506172839,0.199769520152259,0.385185616511986,0.674074074074074,0.420035453669283,0.753333333333333,1.08653846153846,0.43579766536965,0.788732394366197,1.34131736526946,0.861111111111111,1.25675675675676,1.82352941176471,0.560267857142857,0.83112582781457,1.18396226415094,0.403923065875144,0.664705882352941,1.15608433339891,0.965357967667437,1.43150684931507,2.09,0.640326975476839,0.860805860805861,1.1576354679803,0.587041450340414,0.775092936802974,0.990498812351544
"48",0.509644670050761,0.71004243281471,0.976701291707435,0.691011235955056,0.963446475195822,1.30851063829787,0.286532951289398,0.4,0.554016620498615,1.03684210526316,1.52713178294574,2.18888888888889,0.753469338677355,0.969072164948454,1.32862190812721,0.740340030911901,1.0063025210084,1.34929577464789,0.313465783664459,0.446540880503145,0.63963963963964,0.435126582278481,0.703324808184143,1.10887096774194,0.548192771084337,0.866666666666667,1.37878787878788,0.475308641975309,0.740384615384615,1.18461538461538,0.828204809286899,1.33734939759036,2.17647058823529,0.7,1.08527131782946,1.72839506172839,0.172113423455802,0.341004184100418,0.617424242424242,0.387900355871886,0.698717948717949,1.00925925925926,0.407996025832091,0.739273927392739,1.27272727272727,0.752293577981651,1.10810810810811,1.6078431372549,0.545253863134658,0.815181518151815,1.15962441314554,0.380122057541412,0.624641833810888,1.09273182957393,0.992924528301887,1.45674740484429,2.105,0.59504132231405,0.802973977695167,1.08542713567839,0.500705304955742,0.658764815970056,0.846849388773827
"49",0.501529051987768,0.696883852691218,0.962818003913894,0.6875,0.95778364116095,1.30575539568345,0.274147727272727,0.383697813121272,0.534626038781163,0.882051282051282,1.3030303030303,1.8494623655914,0.6579476861167,0.847150259067358,1.15957446808511,0.710122699386503,0.966597077244259,1.29329608938547,0.302631578947368,0.432601880877743,0.624505347593582,0.434514637904468,0.699751861042184,1.11462450592885,0.532934131736527,0.847619047619048,1.34848484848485,0.447784490498279,0.695238095238095,1.12307692307692,0.776119402985075,1.25301204819277,2.03921568627451,0.67,1.03875968992248,1.65432098765432,0.157996053946054,0.322448979591837,0.607692307692308,0.38024833209785,0.683544303797468,0.982043369474559,0.398550724637681,0.718954248366013,1.24293785310734,0.703703703703704,1.04109589041096,1.49019607843137,0.518599562363239,0.779605263157895,1.10747663551402,0.36994914936064,0.610481586402266,1.06947890818859,0.952830188679245,1.40277777777778,2.04040404040404,0.572602739726027,0.771217712177122,1.045,0.447332421340629,0.590252707581227,0.75987606506584
"50",0.502558853633572,0.698435277382646,0.968441814595661,0.673040152963671,0.943699731903485,1.28937728937729,0.280172413793103,0.390781563126253,0.541666666666667,0.762376237623762,1.11594202898551,1.58762886597938,0.557114228456914,0.718346253229974,0.985815602836879,0.71850699844479,0.972631578947368,1.30508474576271,0.278145695364238,0.397476340694006,0.570200534759357,0.424657534246575,0.682151589242054,1.07307692307692,0.494186046511628,0.794392523364486,1.25,0.406060606060606,0.638095238095238,1.01515151515152,0.819548872180451,1.31325301204819,2.13725490196078,0.656483173442973,1.015625,1.60493827160494,0.137090642853021,0.293103448275862,0.57089552238806,0.345292798019649,0.615384615384615,0.888888888888889,0.390374331550802,0.704180064308682,1.22346368715084,0.743119266055046,1.10958904109589,1.62,0.503253796095445,0.760655737704918,1.08411214953271,0.366715483611763,0.602510460251046,1.05882352941176,0.916810291452308,1.34965034965035,1.96938775510204,0.562841530054645,0.760147601476015,1.03,0.43342151675485,0.569195136074117,0.731943410275503
"51",0.504098360655738,0.699857752489331,0.966601178781925,0.674952198852772,0.943850267379679,1.28832116788321,0.280172413793103,0.392354124748491,0.546218487394958,0.779811460469355,1.13986013986014,1.61386138613861,0.526838966202783,0.681233933161954,0.933098591549296,0.698757763975155,0.947368421052632,1.27118644067797,0.271285275027337,0.385350318471338,0.552511415525114,0.439247528702017,0.700956937799043,1.08932093713588,0.520231213872832,0.833333333333333,1.32352941176471,0.427710843373494,0.676190476190476,1.07575757575758,0.827067669172932,1.32530120481928,2.15686274509804,0.646464646464647,1.00787401574803,1.58024691358025,0.130275965989257,0.279245283018868,0.542174369747898,0.297005276185513,0.552147239263804,0.79646017699115,0.386226386094344,0.697452229299363,1.21683659217877,0.724770642201835,1.06756756756757,1.54901960784314,0.507532048298205,0.76797385620915,1.0981308411215,0.353871773522065,0.581395348837209,1.02163461538462,0.916666666666667,1.34615384615385,1.97435897435897,0.574931880108992,0.775735294117647,1.055,0.407570373978699,0.536734169338366,0.693919254562564
"52",0.496426858215683,0.692198581560284,0.953125,0.66044776119403,0.921875,1.25088339222615,0.288619234343769,0.404081632653061,0.559361645940365,0.761682242990654,1.10884353741497,1.58252427184466,0.508910891089109,0.657289002557545,0.904929577464789,0.655172413793103,0.895491803278688,1.21388888888889,0.276643990929705,0.392282958199357,0.564814814814815,0.45045045045045,0.711744773783927,1.1070110701107,0.523255813953488,0.833333333333333,1.32352941176471,0.413112168520103,0.650943396226415,1.04545454545455,0.878787878787879,1.39759036144578,2.27450980392157,0.618090452261307,0.968503937007874,1.5375,0.130770246368663,0.279329608938547,0.543478260869565,0.233974358974359,0.429411764705882,0.634782608695652,0.382142857142857,0.694805194805195,1.21590909090909,0.742950375312761,1.09459459459459,1.62,0.522552609718953,0.791530944625407,1.13023255813953,0.345110928512736,0.568335588633288,0.995260663507109,0.902612826603325,1.32867132867133,1.92918004765358,0.572972972972973,0.779411764705882,1.06,0.405383022774327,0.537616694124108,0.703304597701149
"53",0.480468468468468,0.669456066945607,0.928433268858801,0.626838235294118,0.874358974358974,1.19230769230769,0.282420749279539,0.395161290322581,0.549058162590879,0.758139534883721,1.10135135135135,1.56730769230769,0.481089455331503,0.61734693877551,0.855123674911661,0.656178803292952,0.895918367346939,1.22284122562674,0.291284403669725,0.411003236245955,0.587962962962963,0.437229437229437,0.693363844393593,1.06315789473684,0.529761904761905,0.839622641509434,1.34848484848485,0.407185628742515,0.641509433962264,1.03030303030303,0.900763358778626,1.4390243902439,2.36,0.59,0.921875,1.45679012345679,0.11621830845229,0.25045045045045,0.491209620830513,0.217092384484538,0.401129943502825,0.591666666666667,0.374331550802139,0.681818181818182,1.19318181818182,0.693693693693694,1.04054054054054,1.50980392156863,0.532188841201717,0.807817589576547,1.16431924882629,0.344625820120284,0.569333333333333,0.995337995337995,0.899761336515513,1.32746478873239,1.9335824742268,0.559139784946237,0.761904761904762,1.04,0.399418289646295,0.529603476371537,0.697424892703863
"54",0.463796477495108,0.647540983606557,0.902857142857143,0.621771217712177,0.873056994818653,1.18661971830986,0.279136690647482,0.388,0.540427708874745,0.722727272727273,1.06,1.5,0.447937131630648,0.577215189873418,0.802816901408451,0.675883256528418,0.922431865828092,1.26801152737752,0.273781902552204,0.388157894736842,0.553990610328638,0.439145505332656,0.696230598669623,1.06440677966102,0.532854826062161,0.847619047619048,1.36923076923077,0.36094674556213,0.570093457943925,0.924242424242424,0.969465648854962,1.54878048780488,2.49144117647057,0.586206896551724,0.915384615384615,1.45121951219512,0.115949187354161,0.25044404973357,0.491289198606272,0.206571409419966,0.385474860335196,0.570366735537188,0.360198943966761,0.656862745098039,1.14857142857143,0.696428571428571,1.04,1.52941176470588,0.569593147751606,0.863636363636364,1.24882629107981,0.353028099972207,0.578534031413613,1.00226757369615,0.89047619047619,1.31228070175439,1.93782383419689,0.538461538461538,0.732851985559567,1.00995024875622,0.389220053603497,0.515991471215352,0.680731364275668
"55",0.435922330097087,0.607577807848444,0.847209847701251,0.669291338582677,0.926430517711172,1.2639405204461,0.2992801820264,0.41699604743083,0.578082191780822,0.709090909090909,1.03311258278146,1.47169811320755,0.443798449612403,0.571072319201995,0.787009420547457,0.652373660030628,0.894957983193277,1.23478260869565,0.272300469483568,0.385382059800664,0.547169811320755,0.429333333333333,0.682203389830508,1.05573770491803,0.557491785323111,0.893203883495146,1.4375,0.396391402714932,0.62037037037037,1.01515151515152,0.953846153846154,1.51219512195122,2.43137254901961,0.541463414634146,0.84411866759195,1.33734939759036,0.102605863192182,0.224598930481283,0.453237410071942,0.196359835110836,0.365168539325843,0.541666666666667,0.36852207293666,0.657534246575342,1.14285714285714,0.699115044247788,1.06756756756757,1.54901960784314,0.602095699507612,0.918831168831169,1.32242990654206,0.350883992656951,0.584516129032258,1.02954545454545,0.893058729497585,1.31929824561404,1.92820512820513,0.564643799472295,0.764285714285714,1.05940594059406,0.392295597484277,0.520062532569046,0.684030157642221
"56",0.459280303030303,0.641534391534392,0.896487985212569,0.675298804780876,0.939058171745152,1.26492537313433,0.322206095791001,0.448484848484848,0.618384401114206,0.8,1.15384615384615,1.66666666666667,0.441729323308271,0.571082252616162,0.791245791245791,0.675548589341693,0.920940170940171,1.2677405431199,0.264485853312709,0.376237623762376,0.532710280373832,0.445878575211864,0.715481171548117,1.11400651465798,0.573170731707317,0.930693069306931,1.51612903225806,0.422619047619048,0.657407407407407,1.09230769230769,1.04595419847328,1.65853658536585,2.66666666666667,0.588516746411483,0.924812030075188,1.48192771084337,0.0971107544141252,0.216071428571429,0.449814126394052,0.213414634146341,0.4,0.593220338983051,0.385714285714286,0.67741935483871,1.15243902439024,0.692982456140351,1.05333333333333,1.54901960784314,0.615834311934586,0.951612903225806,1.3849765258216,0.355588897224306,0.600760456273764,1.08219178082192,0.933491686460808,1.37894736842105,2.02577319587629,0.538461538461538,0.734265734265734,1.01954179493251,0.405187293240686,0.541666666666667,0.712805373030477
"57",0.485537449860081,0.681081081081081,0.943820224719101,0.618930399128222,0.864935064935065,1.18085106382979,0.321629213483146,0.449901768172888,0.627397260273973,0.89555524185959,1.2875,1.85585585585586,0.490265486725664,0.638248847926267,0.887820512820513,0.671274961597542,0.923890063424947,1.26666666666667,0.280575539568345,0.396610169491525,0.565217391304348,0.45478374836173,0.725941422594142,1.13398692810458,0.573157703781343,0.918367346938776,1.5,0.39766081871345,0.623853211009174,1.04615384615385,1.07575757575758,1.73170731707317,2.7843137254902,0.597087378640777,0.931818181818182,1.48237951807228,0.112433723585487,0.249056603773585,0.515625,0.224852071005917,0.424581005586592,0.633333333333333,0.44060475161987,0.761194029850746,1.275,0.660714285714286,1,1.48,0.587238908338102,0.916666666666667,1.3428813446718,0.341943469397766,0.579474342928661,1.0451467268623,1.02934884222638,1.5,2.19895287958115,0.549738219895288,0.752688172043011,1.05527638190955,0.411632956789813,0.554394299287411,0.736277602523659
"58",0.509125840537944,0.713324360699865,0.99437148217636,0.557761732851986,0.790281329923274,1.08421052631579,0.320675105485232,0.451485148514851,0.626373626373626,0.877637130801688,1.26829268292683,1.84070796460177,0.478087685081993,0.623287671232877,0.87220447284345,0.639652677279305,0.887550200803213,1.23119777158774,0.272506082725061,0.384879725085911,0.554455445544555,0.443693936367777,0.705263157894737,1.09129436247898,0.518292682926829,0.858585858585859,1.44067796610169,0.364652562779498,0.568807339449541,0.953846153846154,1.22556390977444,1.98780487804878,3.19607843137255,0.583732057416268,0.917293233082707,1.46987951807229,0.11625947767481,0.269005847953216,0.579831932773109,0.20253164556962,0.396039603960396,0.601503759398496,0.486140724946695,0.841328413284133,1.40740740740741,0.625,0.945945945945946,1.37254901960784,0.573737373737374,0.907348242811502,1.33962264150943,0.33030303030303,0.557544757033248,1.01631701631702,1.15326633165829,1.67518248175182,2.44148936170213,0.539944903581267,0.734082397003745,1.01554404145078,0.410958904109589,0.548446069469835,0.724648627347957
"59",0.481075697211155,0.672701949860724,0.937864077669903,0.531135531135531,0.743589743589744,1.01754385964912,0.311428571428571,0.438631790744467,0.607242339832869,0.830434782608696,1.19375,1.72111179361179,0.476868327402135,0.62037037037037,0.87012987012987,0.595804195804196,0.827184466019418,1.14832556275952,0.247549019607843,0.35191637630662,0.51010101010101,0.417227456258412,0.666666666666667,1.01647702761001,0.497041420118343,0.84,1.44827586206897,0.298245614035088,0.472222222222222,0.784615384615385,1.16666666666667,1.90123456790123,3.01960784313725,0.535211267605634,0.850746268656716,1.35714285714286,0.126205083260298,0.283464566929134,0.587815322850451,0.18688189073556,0.364928909952607,0.55,0.473572938689218,0.817518248175182,1.38271604938272,0.642857142857143,0.972972972972973,1.41176470588235,0.550200803212851,0.874005412995259,1.29857819905213,0.331176420494134,0.556005398110661,1.00980392156863,1.20101781170483,1.73529411764706,2.53763440860215,0.534818941504178,0.724528301886792,1.01587301587302,0.430456490727532,0.567732831608655,0.741856177012907
"60",0.43530591775326,0.608695652173913,0.849315068493151,0.491921005385996,0.68671679197995,0.938356164383562,0.299280575539568,0.42020202020202,0.584269662921348,0.789473684210526,1.13924050632911,1.65137614678899,0.488029465930018,0.637019230769231,0.898305084745763,0.540397350993377,0.754158964879852,1.03553299492386,0.22,0.315412186379928,0.465608465608466,0.364123159303882,0.582441113490364,0.88606587043069,0.488095238095238,0.82,1.38983050847458,0.301204819277108,0.467289719626168,0.78125,1.18796992481203,1.92682926829268,3.09803921568627,0.446511627906977,0.711111111111111,1.14285714285714,0.129692987925265,0.281007751937984,0.551330798479088,0.18348623853211,0.357142857142857,0.540540540540541,0.475945372663344,0.8125,1.35947712418301,0.716814159292035,1.09459459459459,1.58823529411765,0.527888446215139,0.841269841269841,1.25,0.320931271654937,0.537940379403794,0.970660146699266,1.14249363867684,1.64468864468864,2.38829787234043,0.504225352112676,0.680608365019011,0.957219251336898,0.431957186544343,0.56528264132066,0.732339598185353
"61",0.427427427427427,0.596368715083799,0.829126213592233,0.464991023339318,0.650753768844221,0.886986301369863,0.293525179856115,0.409228094743704,0.566706128133704,0.854545454545454,1.23684210526316,1.79047619047619,0.482041587901701,0.626535626535627,0.891608391608392,0.50393081298845,0.705340699815838,0.972081218274112,0.197455887993863,0.282608695652174,0.414893617021277,0.354666666666667,0.566560812956494,0.869352298296367,0.441176470588235,0.742574257425743,1.25,0.309090909090909,0.481132075471698,0.796875,1.1037037037037,1.81707317073171,2.92156862745098,0.402777777777778,0.639705882352941,1.02383403361344,0.131292014905596,0.275471698113208,0.525179856115108,0.163265306122449,0.31858407079646,0.483221476510067,0.459770114942529,0.790513833992095,1.32450331125828,0.714285714285714,1.06666666666667,1.56862745098039,0.519088628154469,0.821656050955414,1.21698113207547,0.309269893355209,0.521438450899032,0.9425,1.12244897959184,1.61764705882353,2.35294117647059,0.484507042253521,0.656488549618321,0.92972972972973,0.431750581146693,0.562759336099585,0.720451527224436
"62",0.421953675730111,0.589310829817159,0.818359375,0.460959158578605,0.643037974683544,0.878969026336023,0.285501239119923,0.400398406374502,0.556786703601108,0.925925925925926,1.32450331125828,1.92307692307692,0.502901353965184,0.654911838790932,0.925266903914591,0.482490272373541,0.676363636363636,0.932389390561831,0.20460358056266,0.291970802919708,0.425531914893617,0.352,0.561702127659575,0.859934853420195,0.448484848484848,0.747474747474748,1.25423728813559,0.315151515151515,0.490566037735849,0.8125,1.14814814814815,1.89024390243902,3.03921568627451,0.398148148148148,0.632352941176471,1.01176470588235,0.129154795821462,0.263056092843327,0.483985765124555,0.144116197044915,0.282608695652174,0.43046357615894,0.450236966824645,0.775510204081633,1.29251700680272,0.707964601769911,1.06666666666667,1.56862745098039,0.510121457489879,0.802547770700637,1.18867924528302,0.306285057159603,0.518934081346424,0.943877551020408,1.1227621483376,1.61397058823529,2.3475935828877,0.459610027855153,0.622641509433962,0.891891891891892,0.422272316356543,0.548199152542373,0.699797160243408
"63",0.425531914893617,0.593220338983051,0.821917808219178,0.452205882352941,0.634020618556701,0.869257950530035,0.282847055227226,0.396793587174349,0.548476454293629,0.877831709885481,1.26351351351351,1.83333333333333,0.480237154150198,0.624678663239075,0.886861313868613,0.471354166666667,0.658181818181818,0.909547738693467,0.212820512820513,0.305147058823529,0.451086956521739,0.34005376344086,0.542918454935622,0.829576412855909,0.424242424242424,0.714285714285714,1.20689655172414,0.292682926829268,0.452830188679245,0.75,1.11194029850746,1.81707317073171,2.92156862745098,0.36986301369863,0.58695652173913,0.952941176470588,0.128127938157521,0.259259259259259,0.473309608540925,0.140651629072682,0.277056277056277,0.418369453044375,0.447661398908653,0.766666666666667,1.27777777777778,0.741071428571429,1.10666666666667,1.62745098039216,0.5285445155659,0.827476038338658,1.22169811320755,0.309953148500524,0.522792022792023,0.95330881358225,1.09686899568988,1.58088235294118,2.29946524064171,0.453296703296703,0.616824584940466,0.896739130434783,0.412889184415803,0.53732970027248,0.685209966548784
"64",0.415389691495515,0.578279266572638,0.803921568627451,0.439622641509434,0.618037135278515,0.847272727272727,0.292263610315186,0.409638554216867,0.566666666666667,0.895734597156398,1.30344827586207,1.89,0.457925636007828,0.596938775510204,0.847826086956522,0.4609375,0.642468239564428,0.876237623762376,0.202564102564103,0.291512915129151,0.429347826086957,0.331994645247657,0.528784648187633,0.810457516339869,0.411042944785276,0.676767676767677,1.13559322033898,0.274390243902439,0.424528301886792,0.703125,1.07518796992481,1.76543209876543,2.80392156862745,0.377880184331797,0.598540145985402,0.964705882352941,0.123540856031128,0.24853228962818,0.453571428571429,0.153657795840967,0.302631578947368,0.453947368421053,0.435523114355231,0.748953974895398,1.23448275862069,0.716814159292035,1.08,1.55845588235293,0.521298174442191,0.815873015873016,1.20671505447781,0.295221843003413,0.496413199426112,0.89643126303748,1.0613810741688,1.53136531365314,2.23118279569892,0.42741935483871,0.582417582417582,0.854838709677419,0.394517137043497,0.512834516657564,0.652559188487714
"65",0.420570264765784,0.586647727272727,0.816205533596838,0.44140625,0.622589531680441,0.856060606060606,0.291012838801712,0.408817635270541,0.568245125348189,0.886255924170616,1.28965517241379,1.87,0.458498023715415,0.597938144329897,0.852941176470588,0.447876447876448,0.622540250447227,0.848780487804878,0.179487179487179,0.260223048327138,0.384668508287292,0.34496644295302,0.546808510638298,0.837133550488599,0.386904761904762,0.65,1.10169491525424,0.274390243902439,0.424528301886792,0.703125,1.09701492537313,1.79268292682927,2.94,0.398148148148148,0.632352941176471,1.02380952380952,0.131979695431472,0.262096774193548,0.469314079422383,0.151447661469933,0.299559471365639,0.450331125827815,0.427884615384615,0.735537190082645,1.21917808219178,0.696428571428571,1.05405405405405,1.52941176470588,0.509054325955734,0.803174603174603,1.19339622641509,0.286926994906621,0.482857142857143,0.877922077922078,1.03544303797468,1.4981684981685,2.1758227614063,0.432432432432432,0.592592592592593,0.879120879120879,0.408300294451174,0.530245231607629,0.675225537820958
"66",0.45800740498631,0.635057471264368,0.882235528942116,0.458824181813573,0.646376811594203,0.884920634920635,0.29243937232525,0.410821643286573,0.569444444444444,0.896713615023474,1.29931972789116,1.89108910891089,0.457425742574257,0.595360824742268,0.855555555555556,0.430925221799747,0.599647266313933,0.817307692307692,0.162371134020619,0.235074626865672,0.35,0.350531587369477,0.550694330545077,0.837730551207749,0.355029585798817,0.6,1.01694915254237,0.271604938271605,0.419047619047619,0.6875,1.04379562043796,1.74390243902439,2.86,0.372049956933678,0.592592592592593,0.941176470588235,0.141683778234086,0.277665995975855,0.48936170212766,0.153679653679654,0.303418803418803,0.458064516129032,0.450220825154624,0.773504273504274,1.28368794326241,0.666666666666667,1,1.45098039215686,0.457977145708583,0.724683544303797,1.07511737089202,0.288164665523156,0.483453237410072,0.875,1.02025316455696,1.47080291970803,2.1436170212766,0.434316353887399,0.593406593406593,0.885245901639344,0.420894871730903,0.545896328293736,0.695813769459596
"67",0.493763141487326,0.682926829268293,0.953907815631262,0.445175438596491,0.625579297245964,0.856540084388186,0.273255813953488,0.380566801619433,0.526647625342271,0.924528301886792,1.34246575342466,1.96,0.471400394477318,0.617571059431525,0.891791044776119,0.424205378973105,0.595197255574614,0.814553990610329,0.16839378238342,0.244360902255639,0.365168539325843,0.362991568150209,0.569868995633188,0.87,0.329341317365269,0.555555555555556,0.948275862068966,0.23125,0.355769230769231,0.578125,1.11510791366906,1.86746987951807,3.1,0.372093023255814,0.597014925373134,0.952380952380952,0.156476683937824,0.305668016194332,0.533616206801493,0.152018052898554,0.29957805907173,0.452229299363057,0.452554744525547,0.791489361702128,1.31914893617021,0.660714285714286,1,1.45098039215686,0.431451612903226,0.679365079365079,1.00943396226415,0.281447963800905,0.473004075816667,0.847469327437053,1.04545454545455,1.51094890510949,2.19047619047619,0.406417112299465,0.554744525547445,0.826086956521739,0.428866673402485,0.55573681348559,0.707278680903679
"68",0.504158004158004,0.697841726618705,0.977822580645161,0.398533007334963,0.560137457044674,0.765258215962441,0.234861868430328,0.327967806841046,0.455307262569832,0.844240521746833,1.22602739726027,1.79,0.550403225806452,0.716535433070866,1.03018867924528,0.413496932515337,0.582037996545769,0.80626843023189,0.164893617021277,0.237547892720307,0.354285714285714,0.345205479452055,0.544276457883369,0.831752016261228,0.333333333333333,0.561224489795918,0.948275862068966,0.232704402515723,0.359223300970874,0.578125,0.992732993706922,1.68674698795181,2.74509803921569,0.344497607655502,0.545454545454545,0.867469879518072,0.162243847394719,0.310344827586207,0.533147645037888,0.151452282157676,0.296747967479675,0.445121951219512,0.425925925925926,0.751020408163265,1.26027397260274,0.594827586206897,0.932432432432432,1.35294117647059,0.440082644628099,0.680511182108626,1.00471698113208,0.312318137730359,0.520193861066236,0.944281524926686,1.0320987654321,1.50359712230216,2.18848167539267,0.387070829369541,0.529411764705882,0.782608695652174,0.413763440860215,0.5338512763596,0.673209826267806
"69",0.501059322033898,0.689504373177843,0.961382113821138,0.380681818181818,0.533864541832669,0.728260869565217,0.256338028169014,0.358974358974359,0.50137741046832,0.813084112149533,1.18367346938776,1.72277227722772,0.566596194503171,0.73224043715847,1.04290339250973,0.404152138435227,0.564322469982847,0.785202863961814,0.173333333333333,0.24904214559387,0.367231638418079,0.36897001303781,0.592050209205021,0.915857605177994,0.31055900621118,0.515463917525773,0.847822910578604,0.234177215189873,0.359223300970874,0.587301587301587,0.866197183098592,1.48192771084337,2.41176470588235,0.344827586206897,0.542635658914729,0.864197530864197,0.159782608695652,0.302469135802469,0.514031100478468,0.144016227180527,0.282868525896414,0.425149700598802,0.4,0.702928870292887,1.16666666666667,0.601694915254237,0.959459459459459,1.3921568627451,0.48326359832636,0.738019169329074,1.08450704225352,0.3710499490316,0.612794612794613,1.12693498452012,1.05623471882641,1.54285714285714,2.23834196891192,0.29426433915212,0.409013360246059,0.631016042780749,0.454123234859861,0.586145648312611,0.728476821192053
"70",0.475929978118162,0.654135338345865,0.904365904365904,0.450793650793651,0.631111111111111,0.860606060606061,0.243055555555556,0.342465753424658,0.480769230769231,0.853080568720379,1.24137931034483,1.8,0.576519916142558,0.741239892183288,1.04961832061069,0.429813664596273,0.600694444444444,0.829736211031175,0.204851752021563,0.291187739463602,0.422222222222222,0.398486759142497,0.647540983606557,1.0031746031746,0.312805710738672,0.528301886792453,0.903225806451613,0.222929936305732,0.339805825242718,0.546875,0.802816901408451,1.37349397590361,2.23529411764706,0.366834170854271,0.5703125,0.901234567901235,0.181818181818182,0.336980306345733,0.566176470588235,0.154186289900576,0.293103448275862,0.435897435897436,0.41663961038961,0.714285714285714,1.17647058823529,0.606837606837607,0.959459459459459,1.3921568627451,0.474332648870637,0.735668789808917,1.08962264150943,0.417547721833526,0.68904593639576,1.25,1.05818836832084,1.54609929078014,2.24742268041237,0.291666666666667,0.411764705882353,0.646153846153846,0.477572507469853,0.616133999257174,0.774292272379495
"71",0.491341991341991,0.675093309983726,0.943866943866944,0.494942028985507,0.701421800947867,0.961195993548932,0.26265389876881,0.37137330754352,0.521739130434783,1.00478468899522,1.44827586206897,2.07920792079208,0.6,0.772117962466488,1.08679245283019,0.458385093167702,0.642857142857143,0.893462469733656,0.236397026334394,0.330798479087452,0.480662983425414,0.405031446540881,0.654471544715447,1.02230360934182,0.324022346368715,0.552380952380952,0.935483870967742,0.215189873417722,0.330097087378641,0.53125,0.886524822695035,1.50602409638554,2.45098039215686,0.409574468085106,0.626016260162602,0.974683544303797,0.17711090485138,0.326530612244898,0.545454545454545,0.182038834951456,0.339366515837104,0.506756756756757,0.4141689373297,0.703703703703704,1.15151515151515,0.58974358974359,0.932432432432432,1.35294117647059,0.478350515463918,0.738853503184713,1.08920187793427,0.406546990496304,0.688729874776386,1.27483443708609,1.11111111111111,1.60714285714286,2.33160621761658,0.290023201856148,0.409836065573771,0.647668393782383,0.458573327425786,0.601045296167247,0.769516728624535
"72",0.498371335504886,0.68609865470852,0.954261954261954,0.519572953736655,0.741116751269036,1.02097902097902,0.268918918918919,0.379770992366412,0.537837837837838,1.06603773584906,1.54794520547945,2.2156862745098,0.596273291925466,0.768,1.07462686567164,0.510718789407314,0.718085106382979,1,0.235135135135135,0.327067669172932,0.467741935483871,0.428557779799818,0.685714285714286,1.07006369426752,0.3,0.514285714285714,0.870967741935484,0.225,0.346153846153846,0.5625,0.842857142857143,1.42168674698795,2.31372549019608,0.419354838709677,0.639344262295082,1,0.178111390244139,0.33096926713948,0.562305674310143,0.198433420365535,0.368932038834951,0.550724637681159,0.428571428571429,0.733031674208145,1.2089552238806,0.543103448275862,0.84,1.23529411764706,0.450413223140496,0.694267515923567,1.02347417840376,0.416304347826087,0.713221601489758,1.35335689045936,1.14143920595533,1.64874551971326,2.38341968911917,0.315068493150685,0.445161290322581,0.715025906735751,0.467068612406281,0.61516369902355,0.796282527881041
"73",0.505468614890183,0.696374622356495,0.968487394957983,0.564102564102564,0.814814814814815,1.13235294117647,0.255060728744939,0.359315589353612,0.508064516129032,1.01376146788991,1.47333333333333,2.125,0.597907386194901,0.771276595744681,1.09022556390977,0.522556390977444,0.736749116607774,1.02962962962963,0.241847826086957,0.334586466165414,0.478494623655914,0.420785804816223,0.678936605316973,1.05732484076433,0.308988764044944,0.528846153846154,0.901639344262295,0.21875,0.339805825242718,0.546875,0.920863309352518,1.5421686746988,2.50980392156863,0.442622950819672,0.675,1.05194805194805,0.185236768802228,0.341025641025641,0.573275862068966,0.204161894633508,0.380487804878049,0.565217391304348,0.435013262599469,0.738738738738739,1.23308270676692,0.525862068965517,0.824324324324324,1.19607843137255,0.445585215605749,0.688888888888889,1.02358490566038,0.420418817781782,0.725417439703154,1.40660175830455,1.13613861386139,1.64516129032258,2.390625,0.319444444444444,0.449511400651466,0.71875,0.465647114676039,0.618717504332756,0.801661718697436
"74",0.509229098805646,0.704204204204204,0.973029045643154,0.567765567765568,0.824468085106383,1.13970588235294,0.254641909814324,0.360902255639098,0.51063829787234,1.03636363636364,1.50993377483444,2.17142857142857,0.623456790123457,0.803713527851459,1.13483146067416,0.530663329161452,0.747795414462081,1.04957005626121,0.248633879781421,0.343396226415094,0.491891891891892,0.433962264150943,0.698380566801619,1.08490566037736,0.305555555555556,0.528846153846154,0.887096774193548,0.245283018867925,0.378640776699029,0.609375,0.877697841726619,1.48780487804878,2.3921568627451,0.448087431693989,0.683333333333333,1.06493506493506,0.192753623188406,0.353723404255319,0.599099099099099,0.229698852077884,0.41871921182266,0.625,0.438642297650131,0.740088105726872,1.22627737226277,0.482758620689655,0.756756756756757,1.09803921568627,0.451942740286299,0.701587301587302,1.03755868544601,0.423747276688453,0.732580037664783,1.41454545454545,1.14039408866995,1.65357142857143,2.41145833333333,0.313084112149533,0.440789473684211,0.701570680628272,0.47095996195583,0.627060830017055,0.814037170172292
"75",0.510940919037199,0.705438066465257,0.976987447698745,0.606003430531732,0.883977900552486,1.22137404580153,0.252631578947368,0.357541899441341,0.506596306068602,1.12217194570136,1.61038961038961,2.31775700934579,0.656441717791411,0.844736842105263,1.19330855018587,0.532984671908205,0.75219683655536,1.05418719211823,0.252054794520548,0.348484848484849,0.49469049694856,0.439684700163301,0.708502024291498,1.11111111111111,0.3,0.509433962264151,0.870967741935484,0.246835443037975,0.378640776699029,0.6,0.884057971014493,1.47884219806053,2.3921568627451,0.463687150837989,0.703389830508475,1.09210526315789,0.197058823529412,0.362162162162162,0.611872146118721,0.235616438356164,0.43,0.632470043572983,0.435233160621762,0.730434782608696,1.20863309352518,0.482758620689655,0.756756756756757,1.09803921568627,0.430894308943089,0.670886075949367,0.995305164319249,0.440516518612214,0.764818355640535,1.48148148148148,1.17617866004963,1.6989247311828,2.48167539267016,0.305882352941176,0.431893687707641,0.687830687830688,0.489915966386555,0.651396648044693,0.846768336964415
"76",0.515350877192982,0.711043872919818,0.981262174509306,0.653696498054475,0.96551724137931,1.35483870967742,0.254237288135593,0.361111111111111,0.511811023622047,1.10775862068966,1.60625,2.29464285714286,0.695652173913043,0.896,1.26315789473684,0.546933667083855,0.776198934280639,1.09798994974874,0.259668508287293,0.358778625954198,0.508108108108108,0.462581657717766,0.747950819672131,1.18506493506494,0.325966850828729,0.556603773584906,0.951612903225806,0.272151898734177,0.41747572815534,0.671875,0.880281690140845,1.50602409638554,2.45098039215686,0.460227272727273,0.698275862068966,1.08,0.209821428571429,0.387362637362637,0.658878504672897,0.251381215469613,0.461928934010152,0.67910447761194,0.431524547803618,0.722943722943723,1.20143884892086,0.5,0.783783783783784,1.13725490196078,0.406060606060606,0.634069400630915,0.94811320754717,0.473909484518609,0.832669322709163,1.6328125,1.20792079207921,1.74910394265233,2.54166666666667,0.332541567695962,0.471380471380471,0.748763728365245,0.513502285002077,0.687430478309232,0.893063583815029
"77",0.518464187083982,0.711940298507463,0.989626556016598,0.661654135338346,0.967032967032967,1.36434108527132,0.260927152317881,0.370300751879699,0.523936170212766,1.15948275862069,1.67080745341615,2.40178571428571,0.752049180327869,0.968337730870712,1.35424354243542,0.546482412060301,0.78096947935368,1.11253196930946,0.276989179841141,0.383141762452107,0.540540540540541,0.464773873419545,0.746913580246914,1.18627450980392,0.344262295081967,0.588785046728972,1,0.284810126582278,0.441176470588235,0.703125,0.895104895104895,1.5421686746988,2.50980392156863,0.482558139534884,0.728070175438597,1.12162162162162,0.223241590214067,0.407821229050279,0.67906976744186,0.278853655641715,0.512953367875648,0.755725190839695,0.434182034811438,0.726872246696035,1.19565217391304,0.504273504273504,0.797297297297297,1.15686274509804,0.389093330142143,0.608832807570978,0.906103286384977,0.514218009478673,0.916579691528175,1.80833333333333,1.21588089330025,1.76895306859206,2.56544502617801,0.328605200945626,0.464882943143813,0.735449735449735,0.523630280217482,0.698271054099275,0.905294756569591
"78",0.517241379310345,0.712098009188361,0.981012658227848,0.691699604743083,1,1.41129032258065,0.272108843537415,0.387596899224806,0.546448087431694,1.19201015758496,1.70625,2.4375,0.792607802874743,1.01312335958005,1.40875912408759,0.555273189326557,0.797445255474453,1.13802083333333,0.313537240391502,0.435294117647059,0.620111731843575,0.458868894601542,0.742203742203742,1.18604651162791,0.347826086956522,0.598130841121495,1.01587301587302,0.29746835443038,0.46078431372549,0.734375,0.9,1.51807228915663,2.47058823529412,0.494047619047619,0.741071428571429,1.13698630136986,0.243980738362761,0.447058823529412,0.752475247524752,0.315291713869558,0.573770491803279,0.833333333333333,0.409326424870466,0.689956331877729,1.14492753623188,0.608695652173913,0.945945945945946,1.37254901960784,0.407331975560081,0.634920634920635,0.934579439252336,0.534197671874505,0.96529284164859,1.94344451467095,1.24739619113045,1.80952380952381,2.62765957446809,0.32541567695962,0.459731543624161,0.724867724867725,0.528018038335657,0.704328274311411,0.91593567251462
