"","X2.5..92_1","X50..92_1","X97.5..92_1","X2.5..92_2","X50..92_2","X97.5..92_2","X2.5..92_3","X50..92_3","X97.5..92_3","X2.5..92_4","X50..92_4","X97.5..92_4","X2.5..92_5","X50..92_5","X97.5..92_5","X2.5..92_6","X50..92_6","X97.5..92_6","X2.5..92_7","X50..92_7","X97.5..92_7","X2.5..92_8","X50..92_8","X97.5..92_8","X2.5..92_9","X50..92_9","X97.5..92_9","X2.5..92_10","X50..92_10","X97.5..92_10","X2.5..92_11","X50..92_11","X97.5..92_11","X2.5..92_12","X50..92_12","X97.5..92_12","X2.5..92_13","X50..92_13","X97.5..92_13","X2.5..92_14","X50..92_14","X97.5..92_14","X2.5..92_15","X50..92_15","X97.5..92_15"
"1",0.561643835616438,0.762790697674419,1.05128205128205,0.64828431372549,0.843700159489633,1.08847736625514,0.698005698005698,1.00409836065574,1.44138966237382,0.85725614558846,1.07485380116959,1.33770014556041,0.73491975650249,0.88859160163508,1.06155075939249,0.72994923857868,0.920614596670935,1.15594855305466,0.58316075032467,0.741908713692946,0.930280957336108,0.946915887850467,1.10130434782609,1.26776776776777,0.934591194968553,1.1089552238806,1.32915921288014,0.773486430062631,0.922789539227895,1.10104011887073,0.654135338345865,0.884745762711864,1.18099547511312,0.646666666666667,0.932692307692308,1.38571428571429,0.944043587912413,1.12093933463796,1.32572133929949,0.747311827956989,0.91688654353562,1.13008130081301,0.651376146788991,0.934210526315789,1.3921568627451
"2",0.559322033898305,0.763888888888889,1.05769230769231,0.638356777609545,0.834405144694534,1.07676348547718,0.730659025787966,1.05371900826446,1.50887573964497,0.864738805970149,1.08294392523364,1.34934497816594,0.728925619834711,0.881412391738841,1.05420428334509,0.730142566191446,0.922779922779923,1.16019417475728,0.577373211963589,0.734491315136476,0.919254658385093,0.951789077212806,1.10542432195976,1.27370557373766,0.951174114610117,1.12676056338028,1.35231316725979,0.785041841004184,0.938711694809256,1.11847988077496,0.66243654822335,0.893835616438356,1.20276497695853,0.622516556291391,0.895238095238095,1.34285714285714,0.931428478926657,1.10634158993645,1.30583692802634,0.76047261009667,0.930354796320631,1.14748784440843,0.651376146788991,0.934210526315789,1.3921568627451
"3",0.582191780821918,0.7981220657277,1.1038961038961,0.625747699386503,0.816,1.04938271604938,0.762857142857143,1.10330578512397,1.58928571428571,0.874067164179104,1.0946261682243,1.36588921282799,0.726017457126139,0.878647214854111,1.05242255758539,0.737003058103975,0.932903225806452,1.17184658433139,0.575324675324675,0.731626754748142,0.914344685242518,0.953330824237862,1.10756449497158,1.27607052896725,0.958929682638457,1.13392200147167,1.36251105216622,0.788582048928358,0.940699126092384,1.12046693828554,0.660759493670886,0.896907216494845,1.20833333333333,0.629139072847682,0.904761904761905,1.35714285714286,0.922963422110252,1.09421828222858,1.28913960194764,0.77457264957265,0.947712418300654,1.16935483870968,0.651376146788991,0.934210526315789,1.3921568627451
"4",0.601398601398601,0.822966507177033,1.13157894736842,0.639423076923077,0.833855799373041,1.07042253521127,0.797142857142857,1.15767634854772,1.6508875739645,0.890858208955224,1.11565420560748,1.39015255197525,0.732094201365007,0.885245901639344,1.06217669142655,0.738052352220426,0.935048618210572,1.17637540453074,0.565022421524664,0.715909090909091,0.892712550607287,0.959373835259038,1.11139896373057,1.279324055666,0.970315398886827,1.14525547445255,1.36910994764398,0.783429470372313,0.93609022556391,1.11494618951545,0.660759493670886,0.893835616438356,1.19724770642202,0.635761589403974,0.914285714285714,1.35211267605634,0.904289697879141,1.07021424936084,1.25978745711292,0.783957219251337,0.960681520314548,1.18035426731079,0.660550458715596,0.947368421052632,1.41176470588235
"5",0.674825174825175,0.923444976076555,1.26973684210526,0.656487229258355,0.854961832061069,1.09803921568627,0.847701149425287,1.23430962343096,1.77710843373494,0.91906976744186,1.15218698065839,1.43813682678311,0.72422954303932,0.879922530664945,1.05495356037152,0.721163490471414,0.913595933926302,1.14490445859873,0.569714677041832,0.718131433095804,0.895360315893386,0.971167883211679,1.119713914492,1.28552277933049,0.97304247605139,1.14967462039046,1.36600874471461,0.785853593551798,0.938711694809256,1.1168362657563,0.6388486565911,0.860544217687075,1.15,0.598684210526316,0.858490566037736,1.24657534246575,0.890530810519414,1.05014273302718,1.22926496236785,0.785106382978723,0.959687906371912,1.1808,0.614678899082569,0.881578947368421,1.28846153846154
"6",0.791164658634538,1.06486486486486,1.43795620437956,0.65938864628821,0.867816091954023,1.12686567164179,1.07418397626113,1.57391304347826,2.2625,1.00837209302326,1.26487747957993,1.58248175182482,0.738872403560831,0.898106483301725,1.08339376359681,0.7666015625,0.970333745364648,1.20959982356522,0.610663882610214,0.768115942028985,0.956315289648623,1.01626809145301,1.15982972136223,1.32084618774791,0.983749274521184,1.15581329494444,1.37472375936108,0.789630163537859,0.943777637397347,1.125,0.642679900744417,0.869127516778524,1.17194570135747,0.607744461420932,0.861111111111111,1.24,0.857142857142857,1.00681805695226,1.18128898994478,0.800829875518672,0.977215189873418,1.19880437197531,0.642201834862385,0.921052631578947,1.34615384615385
"7",0.826612903225806,1.11413043478261,1.4963503649635,0.543040293040293,0.732098765432099,0.978588290647246,1.38650306748466,2.05454545454545,2.99337748344371,1.17177344475395,1.47257876312719,1.84240310325692,0.73678767086682,0.918014875710945,1.12350879604798,0.834688346883469,1.056,1.31068484042553,0.638749302065885,0.807339449541284,1.00706443506856,1.03510660459134,1.17872044506259,1.33833399131465,0.951025139277343,1.11270236612702,1.31981759174044,0.770383981923261,0.912932138284251,1.08112206216831,0.670644391408115,0.903536977491961,1.21645021645022,0.615384615384615,0.857142857142857,1.23076923076923,0.777403514926552,0.931438375184884,1.10628959957853,0.792181069958848,0.968553459119497,1.18279569892473,0.685714285714286,0.972972972972973,1.41176470588235
"8",0.82421875,1.11052631578947,1.50714285714286,0.533210332103321,0.716232961586121,0.955371900826446,1.51099156118143,2.27751196172249,3.4,1.25553505535055,1.58532377595241,1.98976608187134,0.714914210294765,0.89041095890411,1.08552248213004,0.828496042216359,1.05961754780652,1.33239038189533,0.604356407011113,0.772532188841202,0.979147778785131,1.01104535813028,1.15301120448179,1.31142970927917,0.923603793466807,1.08814400993172,1.28802351212344,0.742086221781141,0.878529218647406,1.03801396431342,0.745495495495496,1.01533742331288,1.38493723849372,0.598765432098765,0.836206896551724,1.19753086419753,0.624651731967505,0.752005347593583,0.893264783812344,0.740957001303605,0.902975420439845,1.10443037974684,0.607476635514019,0.866666666666667,1.27450980392157
"9",0.84375,1.15508021390374,1.57664233576642,0.539596013370334,0.724655819774718,0.958688890233437,1.55172413793103,2.41463414634146,3.66666666666667,1.28621225634001,1.61788617886179,2.0425219941349,0.69533725667723,0.872231686541738,1.07187718073971,0.765161506786033,0.974971558589306,1.22084125851957,0.593628552200724,0.759600614439324,0.957405614714424,0.992007720508434,1.13254842385112,1.29483282674772,0.886426599360347,1.04145077720207,1.23220753120372,0.707899611442353,0.840939597315436,0.997611464968153,0.728813559322034,1.02077151335312,1.40983606557377,0.597560975609756,0.830508474576271,1.18072289156627,0.564794453329214,0.680111399212523,0.80734154126767,0.718490752346965,0.870026525198939,1.05977382875606,0.574074074074074,0.815789473684211,1.2156862745098
"10",0.833333333333333,1.1340206185567,1.54929577464789,0.523364485981308,0.706179066834805,0.938023450586265,1.53846153846154,2.45098039215686,3.78787878787879,1.30055147058824,1.6396292004635,2.07782672540382,0.677404921700224,0.859738784781374,1.06469760900141,0.733608450124603,0.931263858093126,1.16182572614108,0.556656346749226,0.722088353413655,0.907187388516853,0.964710118833273,1.1042868920033,1.28923592205386,0.855735805330243,1.0047619047619,1.18444266238974,0.6670526925304,0.792842395044735,0.940427370948379,0.68649885583524,0.925925925925926,1.24494294605809,0.532544378698225,0.75,1.05913865546218,0.54257453068667,0.651534378054357,0.771679839697206,0.691159586681975,0.840782122905028,1.02033898305085,0.495327102803738,0.697368421052632,1.01923076923077
"11",0.84666249890322,1.15706806282723,1.57857142857143,0.512867647058823,0.693167701863354,0.926910299003322,1.58912386706949,2.59113300492611,4.07751937984496,1.32538955087076,1.67555040556199,2.13274336283186,0.686613475177305,0.874647092038396,1.08854532677442,0.72836838976657,0.92769744160178,1.16317991631799,0.551071878940731,0.71875,0.90382626680455,0.901389798872621,1.03462837837838,1.24053776617244,0.822537555927023,0.969529085872576,1.15039341240323,0.650592617308487,0.775305096913137,0.919148936170213,0.625581395348837,0.845911949685535,1.14957264957265,0.485875706214689,0.693548387096774,1,0.524012132600738,0.631080459770115,0.750468838867668,0.658362989323843,0.800865800865801,0.97027972027972,0.435185185185185,0.626666666666667,0.92156862745098
"12",0.85823754789272,1.19148936170213,1.62348460806093,0.505957836846929,0.680641183723798,0.912434458978709,1.64156626506024,2.6980198019802,4.29133858267717,1.37121906507791,1.73148148148148,2.20648967551622,0.680052956751986,0.862821948488242,1.07162726008345,0.71899392888118,0.915011037527594,1.14819944598338,0.547979797979798,0.722731057452123,0.908900523560209,0.875233470302577,1.00428632661809,1.23641160949868,0.78537170263789,0.929737402413059,1.09901635729943,0.620710784313726,0.747050147492625,0.88471615720524,0.575829383886256,0.778846153846154,1.05194805194805,0.364640883977901,0.523809523809524,0.758620689655172,0.504857997010463,0.607464028776978,0.720226036890927,0.618988902589396,0.750373692077728,0.912727272727273,0.380952380952381,0.540540540540541,0.8
"13",0.8828125,1.22826086956522,1.6865671641791,0.489169675090253,0.656969696969697,0.88130081300813,1.67781155015198,2.77386934673367,4.45161290322581,1.39249771271729,1.76157407407407,2.23831770337001,0.686136721550377,0.875706214689266,1.09078114004222,0.726333907056799,0.922404371584699,1.15934065934066,0.540201005025126,0.713101160862355,0.892116182572614,0.857410179640719,0.983683984542722,1.23304628632939,0.738040871055594,0.872675250357654,1.03565365025467,0.5935960591133,0.718866517524236,0.854609929078014,0.574162679425837,0.776699029126214,1.04347826086957,0.347826086956522,0.507936507936508,0.735632183908046,0.493371911632183,0.594009093340465,0.7047903685475,0.555137844611529,0.676335877862595,0.818853974121996,0.378640776699029,0.541666666666667,0.78
"14",0.866666666666667,1.21428571428571,1.67424242424242,0.479601087941976,0.645121951219512,0.861598655089775,1.63414634146341,2.68,4.288,1.38405132905591,1.74768518518519,2.22713864306785,0.676131322094055,0.863945578231292,1.07551164431898,0.725862068965517,0.926292629262926,1.16459197786999,0.533839342188488,0.706867671691792,0.887486855941115,0.84209740769835,0.966580976863753,1.20900321543408,0.699816961561928,0.830557566980449,0.992214532871972,0.568006010005043,0.687685459940653,0.816021126760563,0.570405727923628,0.770967741935484,1.03913043478261,0.349726775956284,0.507936507936508,0.735632183908046,0.493027067402359,0.592074799643811,0.703378311242128,0.54375,0.66412213740458,0.801141923712054,0.362745098039216,0.513888888888889,0.755102040816326
"15",0.8359375,1.16304347826087,1.60902255639098,0.481785063752277,0.645909645909646,0.86437908496732,1.62461538461538,2.65326633165829,4.25806451612903,1.36730945821855,1.72337962962963,2.19940915805022,0.66874811485703,0.852253280091272,1.06032647267566,0.720396230824518,0.918032786885246,1.15543328748281,0.527318932655654,0.70042194092827,0.88016967126193,0.832645403377111,0.956053425247738,1.19429494079656,0.678944137507673,0.807888970051132,0.967650229141672,0.555555555555556,0.674869500372856,0.805877114870882,0.562945368171021,0.762057877813505,1.02597402597403,0.344262295081967,0.496062992125984,0.724137931034483,0.492716758221725,0.592744817726948,0.704173400504948,0.54269654420156,0.660550458715596,0.798521256931608,0.372549019607843,0.527777777777778,0.775510204081633
"16",0.846456692913386,1.17486338797814,1.61654135338346,0.46309963099631,0.625155666251557,0.835274542429285,1.59876543209877,2.60301507537688,4.17741935483871,1.35563703024748,1.71378910776362,2.18141592920354,0.670277363388548,0.854671280276817,1.06084466714388,0.711092003439381,0.903825136612022,1.13598901098901,0.526619627966645,0.695762711864407,0.873404255319149,0.824971708789136,0.947984395318596,1.1879574767376,0.660470879801735,0.787878787878788,0.948398576512456,0.550679851668727,0.672960725075529,0.805605786618445,0.557142857142857,0.757281553398058,1.02631578947368,0.357142857142857,0.515873015873016,0.747126436781609,0.495247857815692,0.5939252558054,0.704081527217703,0.526625588906474,0.641025641025641,0.771359924104933,0.362745098039216,0.513888888888889,0.755102040816326
"17",0.811919123505976,1.12777777777778,1.56153846153846,0.432558139534884,0.584905660377358,0.785506199410069,1.52615384615385,2.46766169154229,3.93650793650794,1.33608815426997,1.68500346015192,2.13978466386554,0.666969559291231,0.85002895193978,1.0568944859051,0.7009507346586,0.890230515916575,1.11707988980716,0.527284681130835,0.690189328743546,0.867965367965368,0.805582726594269,0.927593818984548,1.16463414634146,0.634591194968553,0.763815291445874,0.925688073394495,0.539613225202745,0.659298780487805,0.791399817017383,0.560570071258907,0.768729641693811,1.04888888888889,0.357142857142857,0.515873015873016,0.747126436781609,0.490406590662488,0.590264056044548,0.698035050451407,0.515915585175319,0.62555720653789,0.754480286738351,0.388349514563107,0.555555555555556,0.816326530612245
"18",0.768627450980392,1.05945945945946,1.46296150824823,0.4305584769898,0.584070796460177,0.780405405405405,1.30143865030675,2.06341463414634,3.27906976744186,1.25367647058824,1.58236658932715,2.0117994100295,0.635673624288425,0.806742925948224,1.00074682598954,0.683159722222222,0.865786578657866,1.08701657458564,0.491938060128106,0.637946040034813,0.799345692475463,0.73914067520801,0.858297669995245,1.08997584541063,0.581473968897904,0.708985985160759,0.86958722055976,0.497835497835498,0.613099771515613,0.737855178735105,0.548309178743961,0.759197324414716,1.05092592592593,0.383333333333333,0.552,0.793103448275862,0.473940711628071,0.570718689610748,0.675383934436964,0.493333333333333,0.598529411764706,0.728085867620751,0.376237623762376,0.535211267605634,0.791666666666667
"19",0.778723404255319,1.06395348837209,1.464,0.471264367816092,0.637005649717514,0.846153846153846,0.975232198142415,1.52173913043478,2.36842105263158,1.11284403669725,1.41046511627907,1.78382352941176,0.591336297857604,0.731176104542626,0.887462235649547,0.633214920071048,0.798432250839866,1,0.440183870630376,0.59409594095941,0.747989222915485,0.712935109583154,0.83033033033033,1.07101355713363,0.459778085991678,0.594618834080717,0.768272570728022,0.54747225647349,0.667167543200601,0.797127468581688,0.534825870646766,0.741379310344828,1.01895734597156,0.393258426966292,0.564516129032258,0.804597701149425,0.473592923355671,0.573591328495924,0.685995906824229,0.600448933782267,0.746164574616457,0.924006908462867,0.45,0.642857142857143,0.9375
"20",0.80184331797235,1.08074534161491,1.48717948717949,0.428429638867026,0.603773840485479,0.828571428571429,0.996655518394649,1.47524752475248,2.2406015037594,1.07465437788018,1.35423925667828,1.7021897810219,0.590117647058824,0.737864141536544,0.909354604786077,0.629664179104478,0.789473684210526,0.979680696661829,0.476116335721499,0.634686346863469,0.795375722543353,0.653942204780592,0.772114574557708,0.980738362760835,0.344168270957967,0.492647058823529,0.716152019002375,0.546712907665231,0.661981728742094,0.793597304128054,0.50381679389313,0.697183098591549,0.961165048543689,0.367816091954023,0.524590163934426,0.735632183908046,0.459139979494602,0.572190905674558,0.710037096860823,0.746581586144029,0.987937273823884,1.26388888888889,0.475247524752475,0.685714285714286,1
"21",0.791469194312796,1.07741935483871,1.49107142857143,0.402575107296137,0.563701923076923,0.773927392739274,0.968447101678809,1.41326530612245,2.09848484848485,1.04147465437788,1.31548311990687,1.6448326055313,0.582841579664094,0.720538720538721,0.880054832076765,0.619166233597505,0.769675925925926,0.952722063037249,0.45015553957994,0.588586030664395,0.742232626497118,0.651877133105802,0.76614520657842,0.973012907494042,0.287300820859488,0.434623813002191,0.687066974595843,0.563854047890536,0.683011049723757,0.819403895325911,0.526178010471204,0.728260869565217,0.995049504950495,0.35632183908046,0.504065040650406,0.720930232558139,0.448919000361046,0.561636723074135,0.699332981114104,0.755749405233941,1.0203426124197,1.3441466854725,0.470588235294118,0.676056338028169,0.979591836734694
"22",0.779411764705882,1.06711409395973,1.5,0.403478260869565,0.563106796116505,0.770764119601329,0.889285714285714,1.30366492146597,1.90076335877863,1.01301115241636,1.27187864644107,1.59124087591241,0.566968325791855,0.696885428253615,0.848915989159892,0.626185958254269,0.780141843971631,0.972017673048601,0.447225756992638,0.593003412969283,0.752164502164502,0.632928031547815,0.745356037151703,0.944592263905848,0.242824601366743,0.381258941344778,0.640625,0.581021087680355,0.701977953511956,0.845036319612591,0.50259067357513,0.705454545454545,0.97979797979798,0.320179994978344,0.463414634146341,0.670588235294118,0.451223200720195,0.563597748676804,0.699325271644681,0.774674942889411,1.05163853028798,1.40084003468937,0.5,0.71830985915493,1.04081632653061
"23",0.747572815533981,1.03355704697987,1.45283018867925,0.390328151986183,0.548543689320388,0.755852842809365,0.756272401433692,1.11052631578947,1.62307692307692,0.957089552238806,1.19719953325554,1.49562682215743,0.552667578659371,0.677852348993289,0.820596160091594,0.611003861003861,0.762650602409639,0.95187969924812,0.418538018747291,0.554607508532423,0.702721715221715,0.619615639496355,0.731325772389519,0.925307427043286,0.209235460262422,0.339834958739685,0.594488188976378,0.569613259668508,0.686875416389074,0.823482428115016,0.509043927648579,0.713768115942029,1,0.303370786516854,0.446280991735537,0.650602409638554,0.450702243899645,0.561612892988584,0.699093503441329,0.773297434114417,1.05965909090909,1.4291644618867,0.519607843137255,0.736111111111111,1.08163265306122
"24",0.714975845410628,0.986666666666667,1.38317757009346,0.369719408157825,0.521586931155193,0.725649350649351,0.660714285714286,0.968586387434555,1.42307692307692,0.898855383063033,1.12018669778296,1.39337428696797,0.54145051295475,0.665166010129432,0.807928913192071,0.592142363311632,0.73838630806846,0.919330289193303,0.417424358489092,0.548192771084337,0.694675447514917,0.613540804669408,0.724859211584875,0.916115912557194,0.198441796516957,0.329528158295282,0.612446958981612,0.559622850804215,0.674465240641711,0.805267358339984,0.483627204030227,0.683274021352313,0.945812807881773,0.293785310734463,0.433333333333333,0.626506024096386,0.449499919144638,0.560748931551455,0.696029994536032,0.770075497597804,1.06149479659413,1.4403080872914,0.543689320388349,0.777777777777778,1.12057142857142
"25",0.69377990430622,0.960264900662252,1.34259259259259,0.362817362817363,0.516919486581097,0.725040916530278,0.609318996415771,0.885416666666667,1.29770992366412,0.833333333333333,1.04093567251462,1.29360465116279,0.535028598762855,0.657354618015964,0.797372060857538,0.568316831683168,0.71039603960396,0.888544891640867,0.40870138431114,0.534943917169974,0.678336980306346,0.604168628402598,0.714401294498382,0.902862985685072,0.179390762300542,0.302091402013943,0.584707646176912,0.553501400560224,0.664648578392728,0.79549114331723,0.463446957710467,0.657142857142857,0.915422885572139,0.292134831460674,0.433333333333333,0.634146341463415,0.445001923992691,0.554838710310467,0.689186411425706,0.764248045768664,1.0530303030303,1.43488505459698,0.480769230769231,0.684931506849315,1
"26",0.717703349282297,0.993377483443709,1.38888888888889,0.36260162601626,0.515606936416185,0.724025974025974,0.607142857142857,0.880829015544041,1.29770992366412,0.809746954076851,1.01052631578947,1.25581395348837,0.532745006967023,0.654120383951668,0.792688203570892,0.561942517343905,0.703473945409429,0.884555382215289,0.408488063660477,0.536118363794604,0.68141592920354,0.59718830217435,0.706262626262626,0.884615384615385,0.180007173461425,0.301550387596899,0.577172774811398,0.559954751131222,0.673469387755102,0.804224207961007,0.449748743718593,0.639285714285714,0.890547263681592,0.307262569832402,0.458333333333333,0.670731707317073,0.440734142745909,0.550026968716289,0.683023623305229,0.759414225941423,1.04711538461538,1.42913385826772,0.509615384615385,0.726027397260274,1.06
"27",0.701421800947867,0.973684210526316,1.37037037037037,0.360097323600973,0.512110726643599,0.720779220779221,0.601423487544484,0.875647668393782,1.28030303030303,0.802063789868668,0.998831775700935,1.24454148471616,0.533426183844011,0.655074116305587,0.793508287292818,0.555,0.696361355081556,0.876811933829263,0.409926992343126,0.538729329852045,0.685492801771872,0.593596039830537,0.70237615787354,0.875502008032129,0.186304305778536,0.309837335398916,0.589101620029455,0.559819413092551,0.671631685849695,0.801940177849636,0.450632911392405,0.637992831541219,0.89,0.307262569832402,0.458333333333333,0.670731707317073,0.439280419899887,0.548112795967536,0.681262767874417,0.756514537855359,1.04178814382896,1.41986754966887,0.548076923076923,0.780821917808219,1.14
"28",0.672897196261682,0.929032258064516,1.28571428571429,0.362824675324675,0.514976958525346,0.722132471728595,0.581560283687943,0.845360824742268,1.23308270676692,0.793214462211868,0.985981308411215,1.23211678832117,0.528052808002622,0.647855530474041,0.783083219645293,0.555667001003009,0.697732997481108,0.87797147385103,0.414504324683965,0.54553415061296,0.695331922136871,0.596510110083059,0.706310679611651,0.877828054298643,0.190628588330009,0.315184049079755,0.59051724137931,0.55561797752809,0.665545087483176,0.792467948717949,0.437185929648241,0.62589928057554,0.878787878787879,0.290462445685909,0.433333333333333,0.634146341463415,0.433717099942718,0.5417942233462,0.673873637043687,0.758743754461099,1.04420432220039,1.41922563417891,0.548076923076923,0.780821917808219,1.14
"29",0.633484162895928,0.869565217391304,1.20689655172414,0.364455364455364,0.518648018648019,0.727124183006536,0.572902942883824,0.83419689119171,1.21969696969697,0.779135338345865,0.969590643274854,1.20494186046512,0.525777984208082,0.645014245014245,0.779614325068871,0.562058526740666,0.706852791878173,0.889776357827476,0.409302325581395,0.538932633420822,0.690602336267508,0.596846366809718,0.705216336433482,0.874185463659148,0.194995427195375,0.318818675016631,0.589635854341737,0.564174107142857,0.674899866488652,0.801109350237718,0.453372023847196,0.649819494584838,0.913705583756345,0.3,0.45,0.658536585365854,0.431058978610742,0.538267674757925,0.669753011789333,0.763503649635036,1.05020080321285,1.42511672385144,0.553398058252427,0.780821917808219,1.16326530612245
"30",0.620689655172414,0.867469879518072,1.22033898305085,0.311390225787476,0.444954128440367,0.628849270664506,0.557142857142857,0.816753926701571,1.2,0.740845070422535,0.92280701754386,1.14847161572052,0.536782154722354,0.659859976662777,0.800424628450106,0.535589910950816,0.677545691906005,0.856435643564356,0.405826558265583,0.535299374441466,0.687715269804822,0.580910023947999,0.686893203883495,0.841427155599604,0.205415289786572,0.330909090909091,0.599492762313973,0.588578963760244,0.704161248374512,0.832436587240584,0.46969696969697,0.669064748201439,0.934673366834171,0.235955056179775,0.35,0.506024096385542,0.431083350469117,0.538254128749579,0.667700760137349,0.760197435000223,1.03822314049587,1.39777468706537,0.529411764705882,0.75,1.10204081632653
"31",0.613668335717692,0.866666666666667,1.23275862068966,0.284794851166533,0.408304498269896,0.581304689525538,0.588652482269504,0.869109947643979,1.25757575757576,0.660412757973734,0.824355971896956,1.02180781044318,0.535641547861507,0.656679151061174,0.790398027374974,0.51330376940133,0.650280898876405,0.826822690391004,0.405810808668076,0.528909952606635,0.672289156626506,0.523930384336476,0.620171673819742,0.751430057202288,0.234606741573034,0.365290412876137,0.635036496350365,0.525756771109931,0.628571428571429,0.744360902255639,0.46561930871469,0.660649819494585,0.928934010152284,0.215469613259669,0.322314049586777,0.469879518072289,0.382392149036357,0.474934411118202,0.583144697893087,0.685007974481659,0.919700214132762,1.21675702690214,0.485436893203884,0.704225352112676,1.04166666666667
"32",0.596774193548387,0.831460674157303,1.15625,0.308930008045052,0.432919954904171,0.615384615384615,0.530821917808219,0.767326732673267,1.10714285714286,0.622376143241275,0.771764705882353,0.952104499274311,0.538135593220339,0.657605177993527,0.795614722004699,0.541096096929338,0.689801699716714,0.879061371841155,0.442365269461078,0.57046332046332,0.72962962962963,0.537434237150951,0.62789598108747,0.741071428571429,0.307429130009775,0.43893928820656,0.680735930735931,0.475161987041037,0.568475452196382,0.672782874617737,0.410994764397906,0.570909090909091,0.796954314720812,0.23728813559322,0.347107438016529,0.51219512195122,0.420785149463501,0.508931047572438,0.612917561846854,0.561777777777778,0.734883720930233,0.947526236881559,0.509803921568627,0.742857142857143,1.1304347826087
"33",0.581974632174125,0.796791443850267,1.09558823529412,0.31031746031746,0.44507697969063,0.635798244220227,0.560810810810811,0.821782178217822,1.19424460431655,0.632030505243089,0.781839622641509,0.959479015918958,0.56298828125,0.702620353443023,0.861733931240658,0.603715612783331,0.766016713091922,0.964912280701754,0.472868217054264,0.625,0.802631578947368,0.521181915272339,0.609492089925062,0.710334788937409,0.397156433616891,0.524238227146814,0.740704500978474,0.4416,0.528735632183908,0.630628924172905,0.365789473684211,0.496428571428571,0.674757281553398,0.241573033707865,0.355371900826446,0.518072289156627,0.458590420866827,0.554740495346269,0.668347116813284,0.525076765609007,0.667100130039012,0.842364532019704,0.5,0.72463768115942,1.08695652173913
"34",0.56640625,0.779569892473118,1.07407407407407,0.300907333127274,0.433774834437086,0.62779552715655,0.606666666666667,0.883495145631068,1.27272727272727,0.627134724857685,0.780401416765053,0.960755813953488,0.558477135627504,0.700899391742402,0.86471009305655,0.601279317697228,0.773662551440329,0.986013986013986,0.506033327234673,0.67965367965368,0.878321678321678,0.520972037283622,0.609661082976237,0.709115421713077,0.450221702880243,0.585029546946816,0.788495575221239,0.431250926084477,0.518733850129199,0.620568412603353,0.396419437340153,0.53448275862069,0.727699530516432,0.289940828402367,0.408333333333333,0.590361445783133,0.453936136579197,0.548287318934486,0.659961943359431,0.492638731596829,0.61965811965812,0.776785714285714,0.48,0.695652173913043,1.06666666666667
"35",0.563706563706564,0.772486772486772,1.06569343065693,0.289855072463768,0.420353982300885,0.608974358974359,0.62876254180602,0.908212560386473,1.31468531468531,0.617731172545281,0.765957446808511,0.937771345875543,0.556209369725476,0.696622781911849,0.858251057827927,0.600835945663532,0.774932614555256,0.989672977624785,0.529790660225443,0.72707182320442,0.948161004861293,0.506124951888569,0.592522658610272,0.691189427312775,0.47270314881732,0.608247422680412,0.807545085953338,0.433098454848436,0.520330368487929,0.626625860749809,0.355231143552311,0.480263157894737,0.646017699115044,0.315789473684211,0.45,0.650602409638554,0.448687471026293,0.541844929820611,0.652538428335294,0.458033573141487,0.574436090225564,0.714018691588785,0.464646464646465,0.676470588235294,1.02222222222222
"36",0.546816479400749,0.741116751269036,1.02097902097902,0.293700592885375,0.428571428571429,0.622734761120264,0.623333333333333,0.907766990291262,1.29861111111111,0.597712106768351,0.74113475177305,0.911337209302326,0.549102913905351,0.682954545454545,0.837630662020906,0.610400786940687,0.789757412398922,1.0155979202773,0.524959742351047,0.724444444444444,0.951824817518248,0.494897959183673,0.581927259092613,0.678329093294113,0.474846220191834,0.608338597599495,0.799186718545374,0.435433884297521,0.523927905531386,0.631934032983508,0.358536585365854,0.486754966887417,0.653333333333333,0.308571428571429,0.446280991735537,0.650602409638554,0.446085672082718,0.53910521105468,0.650047758571587,0.443645083932854,0.557228915662651,0.695488721804511,0.463917525773196,0.681818181818182,1.04651162790698
"37",0.550943396226415,0.741116751269036,1.01388888888889,0.293971993956984,0.42692750287687,0.617304492512479,0.615894039735099,0.894230769230769,1.28275862068966,0.607040913415794,0.754137115839243,0.925979680696662,0.540301856166473,0.672870840383531,0.826191598854341,0.617600596444931,0.803234501347709,1.03292894280763,0.530844155844156,0.737732891197406,0.971768202080238,0.495207667731629,0.583584337349398,0.682518714222809,0.484054882006751,0.615720524017467,0.796610169491525,0.433058702368692,0.520098948670377,0.62715562289225,0.344497607655502,0.466019417475728,0.623376623376623,0.306818181818182,0.446280991735537,0.650602409638554,0.442387113230838,0.535238235510715,0.646568886769556,0.448192771084337,0.565349544072948,0.707224334600761,0.479166666666667,0.707692307692308,1.0952380952381
"38",0.541666666666667,0.725888324873096,0.993055555555556,0.29546673474791,0.430555555555556,0.622073578595318,0.622516556291391,0.908212560386473,1.30555555555556,0.602857142857143,0.749112426035503,0.920058139534884,0.534760589825113,0.667794698251551,0.819958803892322,0.620227038183695,0.808882907133244,1.04163966216541,0.532582461786002,0.733111849390919,0.959420289855072,0.497427652733119,0.58576296857251,0.685430723603792,0.489145846760435,0.620775969962453,0.803889789303079,0.42754367934224,0.51215763546798,0.617668893838159,0.353365384615385,0.477272727272727,0.639130434782609,0.295454545454545,0.429752066115702,0.626506024096386,0.447323182711198,0.541649630901142,0.653161481888338,0.445638734462684,0.560790273556231,0.701520912547528,0.448979591836735,0.666666666666667,1.02325581395349
"39",0.558490566037736,0.751269035532995,1.03496503496504,0.295617529880478,0.430394431554524,0.6214405360134,0.617889045345537,0.894230769230769,1.29166666666667,0.601904761904762,0.74792899408284,0.917271407837446,0.534383097879586,0.667231638418079,0.820708825573315,0.619963456705361,0.805890227576975,1.03259005145798,0.527287319422151,0.721978021978022,0.941260744985673,0.496942327333394,0.5840574234983,0.684373616644533,0.487942846668127,0.62,0.802588996763754,0.426212590299278,0.511138613861386,0.617339312406577,0.355769230769231,0.480519480519481,0.640692640692641,0.297142857142857,0.429752066115702,0.626506024096386,0.448460230039388,0.542233825106145,0.652906540522707,0.442168674698795,0.55690440060698,0.696394686907021,0.412371134020619,0.606060606060606,0.930232558139535
"40",0.558052434456929,0.741293532338308,1.02054794520548,0.285708652546192,0.414187643020595,0.602329450915141,0.624584717607973,0.903846153846154,1.30555555555556,0.596208530805687,0.744378698224852,0.915574963609898,0.53445915107257,0.667236467236467,0.821178120617111,0.621633479142557,0.809395973154362,1.03786574870912,0.519647153167602,0.705114254624592,0.911392405063291,0.49469964664311,0.581351453378633,0.681423470327148,0.491106719367589,0.624764299182904,0.808787632221318,0.425916365513681,0.511786600496278,0.617977528089888,0.363420427553444,0.490384615384615,0.653846153846154,0.302857142857143,0.43801652892562,0.63855421686747,0.449884344346782,0.543768073169107,0.654495817262753,0.439613526570048,0.553191489361702,0.692015209125475,0.412371134020619,0.606060606060606,0.930232558139535
"41",0.531007751937985,0.713541666666667,0.978571428571429,0.278863341517645,0.405251141552511,0.587772712046829,0.629139072847682,0.913461538461538,1.31057231800766,0.601139601139601,0.747343565525384,0.921397379912664,0.529591850896668,0.661773009599097,0.813888888888889,0.622291021671827,0.810483870967742,1.03965517241379,0.520325203252033,0.703296703296703,0.907833655705996,0.495514601792574,0.582831325301205,0.681045769226003,0.490092947320462,0.623818525519849,0.808823529411765,0.408376963350785,0.491493383742911,0.592255125284738,0.345971563981043,0.464968152866242,0.61864406779661,0.289772727272727,0.421487603305785,0.614457831325301,0.451150157739169,0.544623980670492,0.654477815080301,0.437799043062201,0.552036199095023,0.689265536723164,0.391752577319588,0.575757575757576,0.883720930232558
"42",0.436734693877551,0.591160220994475,0.816793893129771,0.282555282555283,0.406839622641509,0.587759315894436,0.654485049833887,0.947115384615385,1.34931506849315,0.606837606837607,0.75531914893617,0.926086956521739,0.526008313687357,0.655494505494505,0.803367003367003,0.617812059541588,0.798675496688742,1.02551020408163,0.512591058623213,0.700778642936596,0.907780979827089,0.507728765154839,0.595238095238095,0.696594427244582,0.48869914615771,0.622122762148338,0.808156329138394,0.34594298245614,0.417052214144085,0.501589825119237,0.329439252336449,0.444794952681388,0.594936708860759,0.284090909090909,0.413223140495868,0.602409638554217,0.448673227855986,0.542170035768491,0.653512641921739,0.439140811455847,0.550898203592814,0.686567164179104,0.387755102040816,0.567164179104478,0.863636363636364
"43",0.432624113475177,0.592233009708738,0.818930255759113,0.254777073696328,0.370824053452116,0.540606390560659,0.675496688741722,0.976076555023923,1.3972602739726,0.608198284080076,0.753246753246753,0.92463768115942,0.51311419298301,0.642670839853938,0.789237668161435,0.608695652173913,0.79002624671916,1.01689189189189,0.491493412229641,0.667714884696017,0.863172910392604,0.50894819466248,0.596613912403386,0.697812076034027,0.491997934950955,0.61963589076723,0.793505412156536,0.316121629374641,0.381314878892734,0.460702341137124,0.336384439359268,0.453703703703704,0.607438016528926,0.25414364640884,0.373983739837398,0.547783993115316,0.489311915001265,0.591468542160385,0.711916345690476,0.448275862068966,0.563467492260062,0.705426356589147,0.4,0.579710144927536,0.851063829787234
"44",0.445578231292517,0.615023474178404,0.845161290322581,0.220841459828131,0.331872946330778,0.491883116883117,0.664473684210526,0.971153846153846,1.38356164383562,0.598477899895455,0.747058823529412,0.921625544267054,0.477971737323358,0.588385814919622,0.71875,0.554158607350097,0.753947368421053,0.977815699658703,0.427749820273185,0.587944664031621,0.762820512820513,0.518755401728029,0.611633577150819,0.712958924495201,0.500259170653907,0.621943159286186,0.795435333896872,0.373725934314836,0.452985586822237,0.556035309444218,0.365800865800866,0.494152046783626,0.662745098039216,0.244444444444444,0.360655737704918,0.523809523809524,0.484522638698813,0.581235346978537,0.70236878773804,0.418043202033037,0.522222222222222,0.647669730078118,0.425742574257426,0.614285714285714,0.914893617021277
"45",0.462585034013605,0.644549763033175,0.883116883116883,0.222631717060221,0.33032694475761,0.483518329105638,0.562255550355101,0.807339449541284,1.15789473684211,0.59469696969697,0.737955346650999,0.908827785817656,0.44606542882405,0.541599570585078,0.656057484942295,0.504356243949661,0.722607489597781,0.945553539019964,0.431508998538083,0.584247258225324,0.751306161745828,0.536929206251915,0.630442605253688,0.737373737373737,0.53125,0.655555555555556,0.826194398682043,0.40424966364643,0.488828706838186,0.603187211339385,0.394828647838913,0.531791907514451,0.713178294573643,0.245810055865922,0.363636363636364,0.530120481927711,0.459662620741885,0.550435062842411,0.662275409076292,0.398514851485149,0.497681607418856,0.622854160106757,0.46,0.657142857142857,1
"46",0.538937528630325,0.75,1.01923076923077,0.206208425720621,0.311036789297659,0.46039603960396,0.501567398119122,0.720720720720721,1.03225806451613,0.590521327014218,0.730363423212192,0.90162456217622,0.426472442944901,0.519821328866555,0.624423622270536,0.47675568743818,0.680790960451977,0.899253731343284,0.409217877094972,0.541089566020314,0.695136417556346,0.532646048109966,0.62,0.720625528317836,0.536388140161725,0.651604453176162,0.808302374961199,0.392092257001647,0.475682878081279,0.586206896551724,0.340471092077088,0.462209302325581,0.618677042801556,0.217877094972067,0.322314049586777,0.469879518072289,0.46118338229123,0.550004170489615,0.660920116267415,0.404282115869018,0.503134796238245,0.626953125,0.444444444444444,0.63768115942029,0.936679000925062
"47",0.560810810810811,0.783018867924528,1.06410256410256,0.212797619047619,0.320627802690583,0.475873544093178,0.476489028213166,0.687782805429864,1,0.596972563859981,0.738875878220141,0.917151162790698,0.426520028558866,0.520293122886133,0.627891156462585,0.449060336300692,0.637640449438202,0.837638376383764,0.41067615658363,0.539756782039289,0.694344163658243,0.539789069990412,0.629284649776453,0.731802426343154,0.524945770065076,0.637891337785293,0.786368541670794,0.38423098278734,0.463806970509383,0.573322286661143,0.34341252699784,0.462209302325581,0.623529411764706,0.186440677966102,0.270491803278689,0.397590361445783,0.474164586200614,0.564461694228822,0.677334602958157,0.404364569961489,0.503194888178914,0.627490039840637,0.48,0.695652173913043,1.04347826086957
"48",0.590554645238042,0.822429906542056,1.12101910828025,0.205706340416918,0.308791208791209,0.458420030600603,0.4875,0.705882352941177,1.01960784313725,0.600364587812849,0.742388758782201,0.921511627906977,0.428438661710037,0.523269012485812,0.632818003461878,0.445344129554656,0.63768115942029,0.836501901140684,0.418958031837916,0.547258979206049,0.703545090509175,0.537113730487416,0.626998884343622,0.726731972387028,0.532022471910112,0.64421768707483,0.793797150041911,0.366081332383036,0.443235893949694,0.54242928452579,0.336188436830835,0.451149425287356,0.606177606177606,0.172413793103448,0.247933884297521,0.36144578313253,0.47093145144969,0.562116241904281,0.675531566080793,0.408215661103979,0.508393610223642,0.628458498023715,0.5,0.71830985915493,1.08510638297872
"49",0.602040816326531,0.842857142857143,1.14935064935065,0.199713672154617,0.301621621621622,0.45,0.490527592121606,0.702702702702703,1.01298701298701,0.590118843134257,0.728337236533958,0.902757619738752,0.424941176470588,0.517478510028653,0.627955493741307,0.443636188692384,0.643387815750372,0.847358121330724,0.410413809272162,0.53688141923436,0.686157517899761,0.536518848867298,0.627143922445936,0.728138528138528,0.537974683544304,0.652932960893855,0.808124459809853,0.360432063672541,0.436338609772884,0.534130888163082,0.353448275862069,0.47536231884058,0.640625,0.160919540229885,0.231404958677686,0.337349397590361,0.457948315334258,0.547269864943243,0.659510733899151,0.398183064323528,0.494796153846154,0.614314115308151,0.5,0.71830985915493,1.0625
